2025-03-28 02:15:00,670 [Worker-5: Loading available Gradle versions] INFO  o.e.b.c.i.u.g.PublishedGradleVersions - Gradle version information cache is out-of-date. Trying to update.
2025-03-28 02:16:30,362 [Worker-6: Launching mavenrun-3f8e14a8-c33a-4fb8-a35f-3cb6d6baecfa] INFO  o.eclipse.m2e.core.internal.Bundles - getClasspathEntries(Bundle=org.eclipse.m2e.maven.runtime_3.9.500.20231113-2345 [628])
2025-03-28 02:16:30,367 [Worker-6: Launching mavenrun-3f8e14a8-c33a-4fb8-a35f-3cb6d6baecfa] INFO  o.eclipse.m2e.core.internal.Bundles - 	Entry: C:\Users\deepa\.p2\pool\plugins\org.eclipse.m2e.maven.runtime_3.9.500.20231113-2345
2025-03-28 02:16:30,368 [Worker-6: Launching mavenrun-3f8e14a8-c33a-4fb8-a35f-3cb6d6baecfa] INFO  o.eclipse.m2e.core.internal.Bundles - 	Entry: C:\Users\deepa\.p2\pool\plugins\org.eclipse.m2e.maven.runtime_3.9.500.20231113-2345\jars\aopalliance-1.0.jar
2025-03-28 02:16:30,369 [Worker-6: Launching mavenrun-3f8e14a8-c33a-4fb8-a35f-3cb6d6baecfa] INFO  o.eclipse.m2e.core.internal.Bundles - 	Entry: C:\Users\deepa\.p2\pool\plugins\org.eclipse.m2e.maven.runtime_3.9.500.20231113-2345\jars\guice-5.1.0.jar
2025-03-28 02:16:30,369 [Worker-6: Launching mavenrun-3f8e14a8-c33a-4fb8-a35f-3cb6d6baecfa] INFO  o.eclipse.m2e.core.internal.Bundles - 	Entry: C:\Users\deepa\.p2\pool\plugins\org.eclipse.m2e.maven.runtime_3.9.500.20231113-2345\jars\httpclient-4.5.14.jar
2025-03-28 02:16:30,369 [Worker-6: Launching mavenrun-3f8e14a8-c33a-4fb8-a35f-3cb6d6baecfa] INFO  o.eclipse.m2e.core.internal.Bundles - 	Entry: C:\Users\deepa\.p2\pool\plugins\org.eclipse.m2e.maven.runtime_3.9.500.20231113-2345\jars\httpcore-4.4.16.jar
2025-03-28 02:16:30,369 [Worker-6: Launching mavenrun-3f8e14a8-c33a-4fb8-a35f-3cb6d6baecfa] INFO  o.eclipse.m2e.core.internal.Bundles - 	Entry: C:\Users\deepa\.p2\pool\plugins\org.eclipse.m2e.maven.runtime_3.9.500.20231113-2345\jars\jansi-2.4.0.jar
2025-03-28 02:16:30,370 [Worker-6: Launching mavenrun-3f8e14a8-c33a-4fb8-a35f-3cb6d6baecfa] INFO  o.eclipse.m2e.core.internal.Bundles - 	Entry: C:\Users\deepa\.p2\pool\plugins\org.eclipse.m2e.maven.runtime_3.9.500.20231113-2345\jars\jcl-over-slf4j-1.7.36.jar
2025-03-28 02:16:30,370 [Worker-6: Launching mavenrun-3f8e14a8-c33a-4fb8-a35f-3cb6d6baecfa] INFO  o.eclipse.m2e.core.internal.Bundles - 	Entry: C:\Users\deepa\.p2\pool\plugins\org.eclipse.m2e.maven.runtime_3.9.500.20231113-2345\jars\maven-artifact-3.9.5.jar
2025-03-28 02:16:30,370 [Worker-6: Launching mavenrun-3f8e14a8-c33a-4fb8-a35f-3cb6d6baecfa] INFO  o.eclipse.m2e.core.internal.Bundles - 	Entry: C:\Users\deepa\.p2\pool\plugins\org.eclipse.m2e.maven.runtime_3.9.500.20231113-2345\jars\maven-builder-support-3.9.5.jar
2025-03-28 02:16:30,370 [Worker-6: Launching mavenrun-3f8e14a8-c33a-4fb8-a35f-3cb6d6baecfa] INFO  o.eclipse.m2e.core.internal.Bundles - 	Entry: C:\Users\deepa\.p2\pool\plugins\org.eclipse.m2e.maven.runtime_3.9.500.20231113-2345\jars\maven-compat-3.9.5.jar
2025-03-28 02:16:30,370 [Worker-6: Launching mavenrun-3f8e14a8-c33a-4fb8-a35f-3cb6d6baecfa] INFO  o.eclipse.m2e.core.internal.Bundles - 	Entry: C:\Users\deepa\.p2\pool\plugins\org.eclipse.m2e.maven.runtime_3.9.500.20231113-2345\jars\maven-core-3.9.5.jar
2025-03-28 02:16:30,370 [Worker-6: Launching mavenrun-3f8e14a8-c33a-4fb8-a35f-3cb6d6baecfa] INFO  o.eclipse.m2e.core.internal.Bundles - 	Entry: C:\Users\deepa\.p2\pool\plugins\org.eclipse.m2e.maven.runtime_3.9.500.20231113-2345\jars\maven-embedder-3.9.5.jar
2025-03-28 02:16:30,370 [Worker-6: Launching mavenrun-3f8e14a8-c33a-4fb8-a35f-3cb6d6baecfa] INFO  o.eclipse.m2e.core.internal.Bundles - 	Entry: C:\Users\deepa\.p2\pool\plugins\org.eclipse.m2e.maven.runtime_3.9.500.20231113-2345\jars\maven-model-3.9.5.jar
2025-03-28 02:16:30,370 [Worker-6: Launching mavenrun-3f8e14a8-c33a-4fb8-a35f-3cb6d6baecfa] INFO  o.eclipse.m2e.core.internal.Bundles - 	Entry: C:\Users\deepa\.p2\pool\plugins\org.eclipse.m2e.maven.runtime_3.9.500.20231113-2345\jars\maven-model-builder-3.9.5.jar
2025-03-28 02:16:30,371 [Worker-6: Launching mavenrun-3f8e14a8-c33a-4fb8-a35f-3cb6d6baecfa] INFO  o.eclipse.m2e.core.internal.Bundles - 	Entry: C:\Users\deepa\.p2\pool\plugins\org.eclipse.m2e.maven.runtime_3.9.500.20231113-2345\jars\maven-plugin-api-3.9.5.jar
2025-03-28 02:16:30,371 [Worker-6: Launching mavenrun-3f8e14a8-c33a-4fb8-a35f-3cb6d6baecfa] INFO  o.eclipse.m2e.core.internal.Bundles - 	Entry: C:\Users\deepa\.p2\pool\plugins\org.eclipse.m2e.maven.runtime_3.9.500.20231113-2345\jars\maven-repository-metadata-3.9.5.jar
2025-03-28 02:16:30,371 [Worker-6: Launching mavenrun-3f8e14a8-c33a-4fb8-a35f-3cb6d6baecfa] INFO  o.eclipse.m2e.core.internal.Bundles - 	Entry: C:\Users\deepa\.p2\pool\plugins\org.eclipse.m2e.maven.runtime_3.9.500.20231113-2345\jars\maven-resolver-api-1.9.16.jar
2025-03-28 02:16:30,371 [Worker-6: Launching mavenrun-3f8e14a8-c33a-4fb8-a35f-3cb6d6baecfa] INFO  o.eclipse.m2e.core.internal.Bundles - 	Entry: C:\Users\deepa\.p2\pool\plugins\org.eclipse.m2e.maven.runtime_3.9.500.20231113-2345\jars\maven-resolver-connector-basic-1.9.16.jar
2025-03-28 02:16:30,371 [Worker-6: Launching mavenrun-3f8e14a8-c33a-4fb8-a35f-3cb6d6baecfa] INFO  o.eclipse.m2e.core.internal.Bundles - 	Entry: C:\Users\deepa\.p2\pool\plugins\org.eclipse.m2e.maven.runtime_3.9.500.20231113-2345\jars\maven-resolver-impl-1.9.16.jar
2025-03-28 02:16:30,371 [Worker-6: Launching mavenrun-3f8e14a8-c33a-4fb8-a35f-3cb6d6baecfa] INFO  o.eclipse.m2e.core.internal.Bundles - 	Entry: C:\Users\deepa\.p2\pool\plugins\org.eclipse.m2e.maven.runtime_3.9.500.20231113-2345\jars\maven-resolver-named-locks-1.9.16.jar
2025-03-28 02:16:30,371 [Worker-6: Launching mavenrun-3f8e14a8-c33a-4fb8-a35f-3cb6d6baecfa] INFO  o.eclipse.m2e.core.internal.Bundles - 	Entry: C:\Users\deepa\.p2\pool\plugins\org.eclipse.m2e.maven.runtime_3.9.500.20231113-2345\jars\maven-resolver-provider-3.9.5.jar
2025-03-28 02:16:30,371 [Worker-6: Launching mavenrun-3f8e14a8-c33a-4fb8-a35f-3cb6d6baecfa] INFO  o.eclipse.m2e.core.internal.Bundles - 	Entry: C:\Users\deepa\.p2\pool\plugins\org.eclipse.m2e.maven.runtime_3.9.500.20231113-2345\jars\maven-resolver-spi-1.9.16.jar
2025-03-28 02:16:30,371 [Worker-6: Launching mavenrun-3f8e14a8-c33a-4fb8-a35f-3cb6d6baecfa] INFO  o.eclipse.m2e.core.internal.Bundles - 	Entry: C:\Users\deepa\.p2\pool\plugins\org.eclipse.m2e.maven.runtime_3.9.500.20231113-2345\jars\maven-resolver-transport-file-1.9.16.jar
2025-03-28 02:16:30,371 [Worker-6: Launching mavenrun-3f8e14a8-c33a-4fb8-a35f-3cb6d6baecfa] INFO  o.eclipse.m2e.core.internal.Bundles - 	Entry: C:\Users\deepa\.p2\pool\plugins\org.eclipse.m2e.maven.runtime_3.9.500.20231113-2345\jars\maven-resolver-transport-http-1.9.16.jar
2025-03-28 02:16:30,372 [Worker-6: Launching mavenrun-3f8e14a8-c33a-4fb8-a35f-3cb6d6baecfa] INFO  o.eclipse.m2e.core.internal.Bundles - 	Entry: C:\Users\deepa\.p2\pool\plugins\org.eclipse.m2e.maven.runtime_3.9.500.20231113-2345\jars\maven-resolver-transport-wagon-1.9.16.jar
2025-03-28 02:16:30,372 [Worker-6: Launching mavenrun-3f8e14a8-c33a-4fb8-a35f-3cb6d6baecfa] INFO  o.eclipse.m2e.core.internal.Bundles - 	Entry: C:\Users\deepa\.p2\pool\plugins\org.eclipse.m2e.maven.runtime_3.9.500.20231113-2345\jars\maven-resolver-util-1.9.16.jar
2025-03-28 02:16:30,372 [Worker-6: Launching mavenrun-3f8e14a8-c33a-4fb8-a35f-3cb6d6baecfa] INFO  o.eclipse.m2e.core.internal.Bundles - 	Entry: C:\Users\deepa\.p2\pool\plugins\org.eclipse.m2e.maven.runtime_3.9.500.20231113-2345\jars\maven-settings-3.9.5.jar
2025-03-28 02:16:30,372 [Worker-6: Launching mavenrun-3f8e14a8-c33a-4fb8-a35f-3cb6d6baecfa] INFO  o.eclipse.m2e.core.internal.Bundles - 	Entry: C:\Users\deepa\.p2\pool\plugins\org.eclipse.m2e.maven.runtime_3.9.500.20231113-2345\jars\maven-settings-builder-3.9.5.jar
2025-03-28 02:16:30,372 [Worker-6: Launching mavenrun-3f8e14a8-c33a-4fb8-a35f-3cb6d6baecfa] INFO  o.eclipse.m2e.core.internal.Bundles - 	Entry: C:\Users\deepa\.p2\pool\plugins\org.eclipse.m2e.maven.runtime_3.9.500.20231113-2345\jars\maven-shared-utils-3.3.4.jar
2025-03-28 02:16:30,372 [Worker-6: Launching mavenrun-3f8e14a8-c33a-4fb8-a35f-3cb6d6baecfa] INFO  o.eclipse.m2e.core.internal.Bundles - 	Entry: C:\Users\deepa\.p2\pool\plugins\org.eclipse.m2e.maven.runtime_3.9.500.20231113-2345\jars\org.eclipse.sisu.inject-0.3.5.jar
2025-03-28 02:16:30,372 [Worker-6: Launching mavenrun-3f8e14a8-c33a-4fb8-a35f-3cb6d6baecfa] INFO  o.eclipse.m2e.core.internal.Bundles - 	Entry: C:\Users\deepa\.p2\pool\plugins\org.eclipse.m2e.maven.runtime_3.9.500.20231113-2345\jars\org.eclipse.sisu.plexus-0.3.5.jar
2025-03-28 02:16:30,372 [Worker-6: Launching mavenrun-3f8e14a8-c33a-4fb8-a35f-3cb6d6baecfa] INFO  o.eclipse.m2e.core.internal.Bundles - 	Entry: C:\Users\deepa\.p2\pool\plugins\org.eclipse.m2e.maven.runtime_3.9.500.20231113-2345\jars\plexus-build-api-0.0.7.jar
2025-03-28 02:16:30,372 [Worker-6: Launching mavenrun-3f8e14a8-c33a-4fb8-a35f-3cb6d6baecfa] INFO  o.eclipse.m2e.core.internal.Bundles - 	Entry: C:\Users\deepa\.p2\pool\plugins\org.eclipse.m2e.maven.runtime_3.9.500.20231113-2345\jars\plexus-cipher-2.0.jar
2025-03-28 02:16:30,373 [Worker-6: Launching mavenrun-3f8e14a8-c33a-4fb8-a35f-3cb6d6baecfa] INFO  o.eclipse.m2e.core.internal.Bundles - 	Entry: C:\Users\deepa\.p2\pool\plugins\org.eclipse.m2e.maven.runtime_3.9.500.20231113-2345\jars\plexus-classworlds-2.7.0.jar
2025-03-28 02:16:30,373 [Worker-6: Launching mavenrun-3f8e14a8-c33a-4fb8-a35f-3cb6d6baecfa] INFO  o.eclipse.m2e.core.internal.Bundles - 	Entry: C:\Users\deepa\.p2\pool\plugins\org.eclipse.m2e.maven.runtime_3.9.500.20231113-2345\jars\plexus-component-annotations-2.1.0.jar
2025-03-28 02:16:30,373 [Worker-6: Launching mavenrun-3f8e14a8-c33a-4fb8-a35f-3cb6d6baecfa] INFO  o.eclipse.m2e.core.internal.Bundles - 	Entry: C:\Users\deepa\.p2\pool\plugins\org.eclipse.m2e.maven.runtime_3.9.500.20231113-2345\jars\plexus-interpolation-1.26.jar
2025-03-28 02:16:30,373 [Worker-6: Launching mavenrun-3f8e14a8-c33a-4fb8-a35f-3cb6d6baecfa] INFO  o.eclipse.m2e.core.internal.Bundles - 	Entry: C:\Users\deepa\.p2\pool\plugins\org.eclipse.m2e.maven.runtime_3.9.500.20231113-2345\jars\plexus-sec-dispatcher-2.0.jar
2025-03-28 02:16:30,373 [Worker-6: Launching mavenrun-3f8e14a8-c33a-4fb8-a35f-3cb6d6baecfa] INFO  o.eclipse.m2e.core.internal.Bundles - 	Entry: C:\Users\deepa\.p2\pool\plugins\org.eclipse.m2e.maven.runtime_3.9.500.20231113-2345\jars\plexus-utils-3.5.1.jar
2025-03-28 02:16:30,373 [Worker-6: Launching mavenrun-3f8e14a8-c33a-4fb8-a35f-3cb6d6baecfa] INFO  o.eclipse.m2e.core.internal.Bundles - 	Entry: C:\Users\deepa\.p2\pool\plugins\org.eclipse.m2e.maven.runtime_3.9.500.20231113-2345\jars\wagon-file-3.5.3.jar
2025-03-28 02:16:30,373 [Worker-6: Launching mavenrun-3f8e14a8-c33a-4fb8-a35f-3cb6d6baecfa] INFO  o.eclipse.m2e.core.internal.Bundles - 	Entry: C:\Users\deepa\.p2\pool\plugins\org.eclipse.m2e.maven.runtime_3.9.500.20231113-2345\jars\wagon-http-3.5.3.jar
2025-03-28 02:16:30,373 [Worker-6: Launching mavenrun-3f8e14a8-c33a-4fb8-a35f-3cb6d6baecfa] INFO  o.eclipse.m2e.core.internal.Bundles - 	Entry: C:\Users\deepa\.p2\pool\plugins\org.eclipse.m2e.maven.runtime_3.9.500.20231113-2345\jars\wagon-http-shared-3.5.3.jar
2025-03-28 02:16:30,373 [Worker-6: Launching mavenrun-3f8e14a8-c33a-4fb8-a35f-3cb6d6baecfa] INFO  o.eclipse.m2e.core.internal.Bundles - 	Entry: C:\Users\deepa\.p2\pool\plugins\org.eclipse.m2e.maven.runtime_3.9.500.20231113-2345\jars\wagon-provider-api-3.5.3.jar
2025-03-28 02:16:30,375 [Worker-6: Launching mavenrun-3f8e14a8-c33a-4fb8-a35f-3cb6d6baecfa] INFO  o.eclipse.m2e.core.internal.Bundles - getClasspathEntries(Bundle=com.google.guava_32.1.3.jre [12])
2025-03-28 02:16:30,375 [Worker-6: Launching mavenrun-3f8e14a8-c33a-4fb8-a35f-3cb6d6baecfa] INFO  o.eclipse.m2e.core.internal.Bundles - 	Entry: C:\Users\deepa\.p2\pool\plugins\com.google.guava_32.1.3.jre.jar
2025-03-28 02:16:30,375 [Worker-6: Launching mavenrun-3f8e14a8-c33a-4fb8-a35f-3cb6d6baecfa] INFO  o.eclipse.m2e.core.internal.Bundles - getClasspathEntries(Bundle=slf4j.api_2.0.11 [988])
2025-03-28 02:16:30,376 [Worker-6: Launching mavenrun-3f8e14a8-c33a-4fb8-a35f-3cb6d6baecfa] INFO  o.eclipse.m2e.core.internal.Bundles - 	Entry: C:\Users\deepa\.p2\pool\plugins\slf4j.api_2.0.11.jar
2025-03-28 02:16:30,376 [Worker-6: Launching mavenrun-3f8e14a8-c33a-4fb8-a35f-3cb6d6baecfa] INFO  o.eclipse.m2e.core.internal.Bundles - getClasspathEntries(Bundle=jakarta.inject.jakarta.inject-api_1.0.5 [29])
2025-03-28 02:16:30,376 [Worker-6: Launching mavenrun-3f8e14a8-c33a-4fb8-a35f-3cb6d6baecfa] INFO  o.eclipse.m2e.core.internal.Bundles - 	Entry: C:\Users\deepa\.p2\pool\plugins\jakarta.inject.jakarta.inject-api_1.0.5.jar
2025-03-28 02:16:30,376 [Worker-6: Launching mavenrun-3f8e14a8-c33a-4fb8-a35f-3cb6d6baecfa] INFO  o.eclipse.m2e.core.internal.Bundles - getClasspathEntries(Bundle=jakarta.annotation-api_1.3.5 [24])
2025-03-28 02:16:30,376 [Worker-6: Launching mavenrun-3f8e14a8-c33a-4fb8-a35f-3cb6d6baecfa] INFO  o.eclipse.m2e.core.internal.Bundles - 	Entry: C:\Users\deepa\.p2\pool\plugins\jakarta.annotation-api_1.3.5.jar
2025-03-28 02:16:30,376 [Worker-6: Launching mavenrun-3f8e14a8-c33a-4fb8-a35f-3cb6d6baecfa] INFO  o.eclipse.m2e.core.internal.Bundles - getClasspathEntries(Bundle=org.apache.commons.cli_1.6.0 [71])
2025-03-28 02:16:30,377 [Worker-6: Launching mavenrun-3f8e14a8-c33a-4fb8-a35f-3cb6d6baecfa] INFO  o.eclipse.m2e.core.internal.Bundles - 	Entry: C:\Users\deepa\.p2\pool\plugins\org.apache.commons.cli_1.6.0.jar
2025-03-28 02:16:30,377 [Worker-6: Launching mavenrun-3f8e14a8-c33a-4fb8-a35f-3cb6d6baecfa] INFO  o.eclipse.m2e.core.internal.Bundles - getClasspathEntries(Bundle=org.apache.commons.commons-codec_1.16.0 [75])
2025-03-28 02:16:30,377 [Worker-6: Launching mavenrun-3f8e14a8-c33a-4fb8-a35f-3cb6d6baecfa] INFO  o.eclipse.m2e.core.internal.Bundles - 	Entry: C:\Users\deepa\.p2\pool\plugins\org.apache.commons.commons-codec_1.16.0.jar
2025-03-28 02:16:30,377 [Worker-6: Launching mavenrun-3f8e14a8-c33a-4fb8-a35f-3cb6d6baecfa] INFO  o.eclipse.m2e.core.internal.Bundles - getClasspathEntries(Bundle=org.apache.commons.lang3_3.13.0 [82])
2025-03-28 02:16:30,377 [Worker-6: Launching mavenrun-3f8e14a8-c33a-4fb8-a35f-3cb6d6baecfa] INFO  o.eclipse.m2e.core.internal.Bundles - 	Entry: C:\Users\deepa\.p2\pool\plugins\org.apache.commons.lang3_3.13.0.jar
2025-03-28 02:16:30,377 [Worker-6: Launching mavenrun-3f8e14a8-c33a-4fb8-a35f-3cb6d6baecfa] INFO  o.eclipse.m2e.core.internal.Bundles - getClasspathEntries(Bundle=com.google.guava.failureaccess_1.0.2 [13])
2025-03-28 02:16:30,378 [Worker-6: Launching mavenrun-3f8e14a8-c33a-4fb8-a35f-3cb6d6baecfa] INFO  o.eclipse.m2e.core.internal.Bundles - 	Entry: C:\Users\deepa\.p2\pool\plugins\com.google.guava.failureaccess_1.0.2.jar
2025-03-28 02:16:30,390 [Worker-6: Launching mavenrun-3f8e14a8-c33a-4fb8-a35f-3cb6d6baecfa] INFO  o.e.m.i.launch.MavenLaunchDelegate - Run build in "C:\Users\deepa\AppData\Local\Temp\m2e-archetypeGenerator7317951657638866235":
2025-03-28 02:16:30,394 [Worker-6: Launching mavenrun-3f8e14a8-c33a-4fb8-a35f-3cb6d6baecfa] INFO  o.e.m.i.launch.MavenLaunchDelegate -  mvn  -DarchetypeGroupId=org.apache.maven.archetypes -DarchetypeArtifactId=maven-archetype-quickstart -DarchetypeVersion=1.1 -DgroupId=com.comprehensive -DartifactId=com.assignment -Dversion=0.0.1-SNAPSHOT -Dpackage=com.comprehensive.com.assignment -DoutputDirectory="C:\Users\deepa\Desktop\Rajni Verma\comprehensiveProject" -Dstyle.color=always -U archetype:generate
2025-03-28 02:20:42,702 [Worker-0: Creating maven-archetype-quickstart] INFO  o.e.m.c.i.p.ProjectConfigurationManager - Collecting project info '/pom.xml' C:\Users\deepa\Desktop\Rajni Verma\comprehensiveProject\com.assignment\pom.xml
2025-03-28 02:20:44,897 [Worker-0: Creating maven-archetype-quickstart] INFO  o.e.m.c.i.l.LifecycleMappingFactory - Using org.eclipse.m2e.jdt.JarLifecycleMapping lifecycle mapping for MavenProject: com.comprehensive:com.assignment:0.0.1-SNAPSHOT @ C:\Users\deepa\Desktop\Rajni Verma\comprehensiveProject\com.assignment\pom.xml.
2025-03-28 02:20:46,256 [Worker-0: Creating maven-archetype-quickstart] INFO  o.e.m.j.i.AbstractJavaProjectConfigurator - Adding source folder /com.assignment/src/main/java
2025-03-28 02:20:46,256 [Worker-0: Creating maven-archetype-quickstart] INFO  o.e.m.j.i.AbstractJavaProjectConfigurator - Adding resource folder /com.assignment/src/main/resources
2025-03-28 02:20:46,267 [Worker-0: Creating maven-archetype-quickstart] INFO  o.e.m.j.i.AbstractJavaProjectConfigurator - Adding source folder /com.assignment/src/test/java
2025-03-28 02:20:46,268 [Worker-0: Creating maven-archetype-quickstart] INFO  o.e.m.j.i.AbstractJavaProjectConfigurator - Adding resource folder /com.assignment/src/test/resources
2025-03-28 02:20:46,479 [Worker-0: Creating maven-archetype-quickstart] INFO  o.e.m.c.i.p.ProjectConfigurationManager - Imported and configured 1 project(s) in 3 sec
2025-03-28 02:20:47,647 [Worker-20: Building] INFO  o.a.m.s.f.DefaultMavenResourcesFiltering - skip non existing resourceDirectory C:\Users\deepa\Desktop\Rajni Verma\comprehensiveProject\com.assignment\src\main\resources
2025-03-28 02:20:47,651 [Worker-20: Building] INFO  o.a.m.s.f.DefaultMavenResourcesFiltering - skip non existing resourceDirectory C:\Users\deepa\Desktop\Rajni Verma\comprehensiveProject\com.assignment\src\test\resources
2025-03-28 02:22:53,502 [Worker-2: Building] INFO  o.a.m.s.f.DefaultMavenResourcesFiltering - skip non existing resourceDirectory C:\Users\deepa\Desktop\Rajni Verma\comprehensiveProject\com.assignment\src\main\resources
2025-03-28 02:22:53,506 [Worker-2: Building] INFO  o.a.m.s.f.DefaultMavenResourcesFiltering - skip non existing resourceDirectory C:\Users\deepa\Desktop\Rajni Verma\comprehensiveProject\com.assignment\src\test\resources
2025-03-28 02:25:21,220 [Worker-4: Building] INFO  o.e.m.c.i.l.LifecycleMappingFactory - Using org.eclipse.m2e.jdt.JarLifecycleMapping lifecycle mapping for MavenProject: com.comprehensive:com.assignment:0.0.1-SNAPSHOT @ C:\Users\deepa\Desktop\Rajni Verma\comprehensiveProject\com.assignment\pom.xml.
2025-03-28 02:25:21,560 [Worker-4: Building] INFO  o.e.m.c.i.e.AbstractTransferListenerAdapter - Downloading https://repo.maven.apache.org/maven2/org/apache/logging/log4j/log4j-api/2.18.0/log4j-api-2.18.0.jar
2025-03-28 02:25:21,602 [Worker-4: Building] INFO  o.e.m.c.i.e.AbstractTransferListenerAdapter - Downloaded https://repo.maven.apache.org/maven2/org/apache/logging/log4j/log4j-api/2.18.0/log4j-api-2.18.0.jar
2025-03-28 02:25:22,052 [Worker-4: Building] INFO  o.a.m.s.f.DefaultMavenResourcesFiltering - skip non existing resourceDirectory C:\Users\deepa\Desktop\Rajni Verma\comprehensiveProject\com.assignment\src\main\resources
2025-03-28 02:25:22,057 [Worker-4: Building] INFO  o.a.m.s.f.DefaultMavenResourcesFiltering - skip non existing resourceDirectory C:\Users\deepa\Desktop\Rajni Verma\comprehensiveProject\com.assignment\src\test\resources
2025-03-28 02:25:22,751 [Worker-4: Download sources and javadoc] INFO  o.e.m.c.i.e.AbstractTransferListenerAdapter - Downloading https://repo.maven.apache.org/maven2/org/apache/logging/log4j/log4j-api/2.18.0/log4j-api-2.18.0-sources.jar
2025-03-28 02:25:22,782 [Worker-4: Download sources and javadoc] INFO  o.e.m.c.i.e.AbstractTransferListenerAdapter - Downloaded https://repo.maven.apache.org/maven2/org/apache/logging/log4j/log4j-api/2.18.0/log4j-api-2.18.0-sources.jar
2025-03-28 02:25:22,788 [Worker-4: Download sources and javadoc] INFO  o.e.m.j.internal.DownloadSourcesJob - Downloaded sources for org.apache.logging.log4j:log4j-api:2.18.0
2025-03-28 02:26:34,357 [Worker-23: Building] INFO  o.a.m.s.f.DefaultMavenResourcesFiltering - skip non existing resourceDirectory C:\Users\deepa\Desktop\Rajni Verma\comprehensiveProject\com.assignment\src\main\resources
2025-03-28 02:26:34,360 [Worker-23: Building] INFO  o.a.m.s.f.DefaultMavenResourcesFiltering - skip non existing resourceDirectory C:\Users\deepa\Desktop\Rajni Verma\comprehensiveProject\com.assignment\src\test\resources
2025-03-28 02:27:26,682 [Worker-21: Building] INFO  o.a.m.s.f.DefaultMavenResourcesFiltering - skip non existing resourceDirectory C:\Users\deepa\Desktop\Rajni Verma\comprehensiveProject\com.assignment\src\main\resources
2025-03-28 02:27:26,685 [Worker-21: Building] INFO  o.a.m.s.f.DefaultMavenResourcesFiltering - skip non existing resourceDirectory C:\Users\deepa\Desktop\Rajni Verma\comprehensiveProject\com.assignment\src\test\resources
2025-03-28 02:27:43,480 [Worker-22: Building] INFO  o.a.m.s.f.DefaultMavenResourcesFiltering - skip non existing resourceDirectory C:\Users\deepa\Desktop\Rajni Verma\comprehensiveProject\com.assignment\src\main\resources
2025-03-28 02:27:43,482 [Worker-22: Building] INFO  o.a.m.s.f.DefaultMavenResourcesFiltering - skip non existing resourceDirectory C:\Users\deepa\Desktop\Rajni Verma\comprehensiveProject\com.assignment\src\test\resources
2025-03-28 02:28:37,540 [Worker-23: Building] INFO  o.a.m.s.f.DefaultMavenResourcesFiltering - skip non existing resourceDirectory C:\Users\deepa\Desktop\Rajni Verma\comprehensiveProject\com.assignment\src\main\resources
2025-03-28 02:28:37,543 [Worker-23: Building] INFO  o.a.m.s.f.DefaultMavenResourcesFiltering - skip non existing resourceDirectory C:\Users\deepa\Desktop\Rajni Verma\comprehensiveProject\com.assignment\src\test\resources
2025-03-28 02:28:51,252 [Worker-22: Building] INFO  o.a.m.s.f.DefaultMavenResourcesFiltering - skip non existing resourceDirectory C:\Users\deepa\Desktop\Rajni Verma\comprehensiveProject\com.assignment\src\main\resources
2025-03-28 02:28:51,256 [Worker-22: Building] INFO  o.a.m.s.f.DefaultMavenResourcesFiltering - skip non existing resourceDirectory C:\Users\deepa\Desktop\Rajni Verma\comprehensiveProject\com.assignment\src\test\resources
2025-03-28 02:31:21,907 [Worker-22: Building] INFO  o.a.m.s.f.DefaultMavenResourcesFiltering - skip non existing resourceDirectory C:\Users\deepa\Desktop\Rajni Verma\comprehensiveProject\com.assignment\src\main\resources
2025-03-28 02:31:21,909 [Worker-22: Building] INFO  o.a.m.s.f.DefaultMavenResourcesFiltering - skip non existing resourceDirectory C:\Users\deepa\Desktop\Rajni Verma\comprehensiveProject\com.assignment\src\test\resources
2025-03-28 02:32:11,665 [Worker-25: Building] INFO  o.a.m.s.f.DefaultMavenResourcesFiltering - skip non existing resourceDirectory C:\Users\deepa\Desktop\Rajni Verma\comprehensiveProject\com.assignment\src\main\resources
2025-03-28 02:32:11,670 [Worker-25: Building] INFO  o.a.m.s.f.DefaultMavenResourcesFiltering - skip non existing resourceDirectory C:\Users\deepa\Desktop\Rajni Verma\comprehensiveProject\com.assignment\src\test\resources
2025-03-28 02:32:22,381 [Worker-25: Building] INFO  o.a.m.s.f.DefaultMavenResourcesFiltering - skip non existing resourceDirectory C:\Users\deepa\Desktop\Rajni Verma\comprehensiveProject\com.assignment\src\main\resources
2025-03-28 02:32:22,383 [Worker-25: Building] INFO  o.a.m.s.f.DefaultMavenResourcesFiltering - skip non existing resourceDirectory C:\Users\deepa\Desktop\Rajni Verma\comprehensiveProject\com.assignment\src\test\resources
2025-03-28 02:32:41,518 [Worker-23: Building] INFO  o.a.m.s.f.DefaultMavenResourcesFiltering - skip non existing resourceDirectory C:\Users\deepa\Desktop\Rajni Verma\comprehensiveProject\com.assignment\src\main\resources
2025-03-28 02:32:41,519 [Worker-23: Building] INFO  o.a.m.s.f.DefaultMavenResourcesFiltering - skip non existing resourceDirectory C:\Users\deepa\Desktop\Rajni Verma\comprehensiveProject\com.assignment\src\test\resources
2025-03-28 02:32:54,782 [Worker-25: Building] INFO  o.a.m.s.f.DefaultMavenResourcesFiltering - skip non existing resourceDirectory C:\Users\deepa\Desktop\Rajni Verma\comprehensiveProject\com.assignment\src\main\resources
2025-03-28 02:32:54,784 [Worker-25: Building] INFO  o.a.m.s.f.DefaultMavenResourcesFiltering - skip non existing resourceDirectory C:\Users\deepa\Desktop\Rajni Verma\comprehensiveProject\com.assignment\src\test\resources
2025-03-28 02:33:45,387 [Worker-22: Building] INFO  o.a.m.s.f.DefaultMavenResourcesFiltering - skip non existing resourceDirectory C:\Users\deepa\Desktop\Rajni Verma\comprehensiveProject\com.assignment\src\main\resources
2025-03-28 02:33:45,388 [Worker-22: Building] INFO  o.a.m.s.f.DefaultMavenResourcesFiltering - skip non existing resourceDirectory C:\Users\deepa\Desktop\Rajni Verma\comprehensiveProject\com.assignment\src\test\resources
2025-03-28 02:35:51,022 [Worker-22: Building] INFO  o.e.m.c.i.l.LifecycleMappingFactory - Using org.eclipse.m2e.jdt.JarLifecycleMapping lifecycle mapping for MavenProject: com.comprehensive:com.assignment:0.0.1-SNAPSHOT @ C:\Users\deepa\Desktop\Rajni Verma\comprehensiveProject\com.assignment\pom.xml.
2025-03-28 02:35:51,149 [Worker-22: Building] INFO  o.e.m.c.i.e.AbstractTransferListenerAdapter - Downloading https://repo.maven.apache.org/maven2/org/seleniumhq/selenium/selenium-java/4.10.0/selenium-java-4.10.0.pom
2025-03-28 02:35:51,153 [Worker-22: Building] INFO  o.e.m.c.i.e.AbstractTransferListenerAdapter - Downloaded https://repo.maven.apache.org/maven2/org/seleniumhq/selenium/selenium-java/4.10.0/selenium-java-4.10.0.pom
2025-03-28 02:35:51,185 [Worker-22: Building] INFO  o.e.m.c.i.e.AbstractTransferListenerAdapter - Downloading https://repo.maven.apache.org/maven2/org/seleniumhq/selenium/selenium-api/4.10.0/selenium-api-4.10.0.pom
2025-03-28 02:35:51,189 [Worker-22: Building] INFO  o.e.m.c.i.e.AbstractTransferListenerAdapter - Downloaded https://repo.maven.apache.org/maven2/org/seleniumhq/selenium/selenium-api/4.10.0/selenium-api-4.10.0.pom
2025-03-28 02:35:51,216 [Worker-22: Building] INFO  o.e.m.c.i.e.AbstractTransferListenerAdapter - Downloading https://repo.maven.apache.org/maven2/org/seleniumhq/selenium/selenium-chrome-driver/4.10.0/selenium-chrome-driver-4.10.0.pom
2025-03-28 02:35:51,220 [Worker-22: Building] INFO  o.e.m.c.i.e.AbstractTransferListenerAdapter - Downloaded https://repo.maven.apache.org/maven2/org/seleniumhq/selenium/selenium-chrome-driver/4.10.0/selenium-chrome-driver-4.10.0.pom
2025-03-28 02:35:51,491 [Worker-22: Building] INFO  o.e.m.c.i.e.AbstractTransferListenerAdapter - Downloading https://repo.maven.apache.org/maven2/org/seleniumhq/selenium/selenium-chromium-driver/4.10.0/selenium-chromium-driver-4.10.0.pom
2025-03-28 02:35:51,496 [Worker-22: Building] INFO  o.e.m.c.i.e.AbstractTransferListenerAdapter - Downloaded https://repo.maven.apache.org/maven2/org/seleniumhq/selenium/selenium-chromium-driver/4.10.0/selenium-chromium-driver-4.10.0.pom
2025-03-28 02:35:51,519 [Worker-22: Building] INFO  o.e.m.c.i.e.AbstractTransferListenerAdapter - Downloading https://repo.maven.apache.org/maven2/org/seleniumhq/selenium/selenium-json/4.10.0/selenium-json-4.10.0.pom
2025-03-28 02:35:51,523 [Worker-22: Building] INFO  o.e.m.c.i.e.AbstractTransferListenerAdapter - Downloaded https://repo.maven.apache.org/maven2/org/seleniumhq/selenium/selenium-json/4.10.0/selenium-json-4.10.0.pom
2025-03-28 02:35:51,552 [Worker-22: Building] INFO  o.e.m.c.i.e.AbstractTransferListenerAdapter - Downloading https://repo.maven.apache.org/maven2/org/seleniumhq/selenium/selenium-remote-driver/4.10.0/selenium-remote-driver-4.10.0.pom
2025-03-28 02:35:51,557 [Worker-22: Building] INFO  o.e.m.c.i.e.AbstractTransferListenerAdapter - Downloaded https://repo.maven.apache.org/maven2/org/seleniumhq/selenium/selenium-remote-driver/4.10.0/selenium-remote-driver-4.10.0.pom
2025-03-28 02:35:51,576 [Worker-22: Building] INFO  o.e.m.c.i.e.AbstractTransferListenerAdapter - Downloading https://repo.maven.apache.org/maven2/io/netty/netty-buffer/4.1.92.Final/netty-buffer-4.1.92.Final.pom
2025-03-28 02:35:51,580 [Worker-22: Building] INFO  o.e.m.c.i.e.AbstractTransferListenerAdapter - Downloaded https://repo.maven.apache.org/maven2/io/netty/netty-buffer/4.1.92.Final/netty-buffer-4.1.92.Final.pom
2025-03-28 02:35:51,609 [Worker-22: Building] INFO  o.e.m.c.i.e.AbstractTransferListenerAdapter - Downloading https://repo.maven.apache.org/maven2/io/netty/netty-parent/4.1.92.Final/netty-parent-4.1.92.Final.pom
2025-03-28 02:35:51,615 [Worker-22: Building] INFO  o.e.m.c.i.e.AbstractTransferListenerAdapter - Downloaded https://repo.maven.apache.org/maven2/io/netty/netty-parent/4.1.92.Final/netty-parent-4.1.92.Final.pom
2025-03-28 02:35:51,642 [Worker-22: Building] INFO  o.e.m.c.i.e.AbstractTransferListenerAdapter - Downloading https://repo.maven.apache.org/maven2/io/netty/netty-common/4.1.92.Final/netty-common-4.1.92.Final.pom
2025-03-28 02:35:51,645 [Worker-22: Building] INFO  o.e.m.c.i.e.AbstractTransferListenerAdapter - Downloaded https://repo.maven.apache.org/maven2/io/netty/netty-common/4.1.92.Final/netty-common-4.1.92.Final.pom
2025-03-28 02:35:51,669 [Worker-22: Building] INFO  o.e.m.c.i.e.AbstractTransferListenerAdapter - Downloading https://repo.maven.apache.org/maven2/io/netty/netty-codec-http/4.1.92.Final/netty-codec-http-4.1.92.Final.pom
2025-03-28 02:35:51,674 [Worker-22: Building] INFO  o.e.m.c.i.e.AbstractTransferListenerAdapter - Downloaded https://repo.maven.apache.org/maven2/io/netty/netty-codec-http/4.1.92.Final/netty-codec-http-4.1.92.Final.pom
2025-03-28 02:35:51,717 [Worker-22: Building] INFO  o.e.m.c.i.e.AbstractTransferListenerAdapter - Downloading https://repo.maven.apache.org/maven2/io/netty/netty-transport/4.1.92.Final/netty-transport-4.1.92.Final.pom
2025-03-28 02:35:51,721 [Worker-22: Building] INFO  o.e.m.c.i.e.AbstractTransferListenerAdapter - Downloaded https://repo.maven.apache.org/maven2/io/netty/netty-transport/4.1.92.Final/netty-transport-4.1.92.Final.pom
2025-03-28 02:35:51,745 [Worker-22: Building] INFO  o.e.m.c.i.e.AbstractTransferListenerAdapter - Downloading https://repo.maven.apache.org/maven2/io/netty/netty-resolver/4.1.92.Final/netty-resolver-4.1.92.Final.pom
2025-03-28 02:35:51,751 [Worker-22: Building] INFO  o.e.m.c.i.e.AbstractTransferListenerAdapter - Downloaded https://repo.maven.apache.org/maven2/io/netty/netty-resolver/4.1.92.Final/netty-resolver-4.1.92.Final.pom
2025-03-28 02:35:51,783 [Worker-22: Building] INFO  o.e.m.c.i.e.AbstractTransferListenerAdapter - Downloading https://repo.maven.apache.org/maven2/io/netty/netty-codec/4.1.92.Final/netty-codec-4.1.92.Final.pom
2025-03-28 02:35:51,787 [Worker-22: Building] INFO  o.e.m.c.i.e.AbstractTransferListenerAdapter - Downloaded https://repo.maven.apache.org/maven2/io/netty/netty-codec/4.1.92.Final/netty-codec-4.1.92.Final.pom
2025-03-28 02:35:51,818 [Worker-22: Building] INFO  o.e.m.c.i.e.AbstractTransferListenerAdapter - Downloading https://repo.maven.apache.org/maven2/io/netty/netty-handler/4.1.92.Final/netty-handler-4.1.92.Final.pom
2025-03-28 02:35:51,822 [Worker-22: Building] INFO  o.e.m.c.i.e.AbstractTransferListenerAdapter - Downloaded https://repo.maven.apache.org/maven2/io/netty/netty-handler/4.1.92.Final/netty-handler-4.1.92.Final.pom
2025-03-28 02:35:51,856 [Worker-22: Building] INFO  o.e.m.c.i.e.AbstractTransferListenerAdapter - Downloading https://repo.maven.apache.org/maven2/io/netty/netty-transport-native-unix-common/4.1.92.Final/netty-transport-native-unix-common-4.1.92.Final.pom
2025-03-28 02:35:51,862 [Worker-22: Building] INFO  o.e.m.c.i.e.AbstractTransferListenerAdapter - Downloaded https://repo.maven.apache.org/maven2/io/netty/netty-transport-native-unix-common/4.1.92.Final/netty-transport-native-unix-common-4.1.92.Final.pom
2025-03-28 02:35:51,903 [Worker-22: Building] INFO  o.e.m.c.i.e.AbstractTransferListenerAdapter - Downloading https://repo.maven.apache.org/maven2/io/netty/netty-transport-classes-epoll/4.1.92.Final/netty-transport-classes-epoll-4.1.92.Final.pom
2025-03-28 02:35:51,906 [Worker-22: Building] INFO  o.e.m.c.i.e.AbstractTransferListenerAdapter - Downloaded https://repo.maven.apache.org/maven2/io/netty/netty-transport-classes-epoll/4.1.92.Final/netty-transport-classes-epoll-4.1.92.Final.pom
2025-03-28 02:35:51,935 [Worker-22: Building] INFO  o.e.m.c.i.e.AbstractTransferListenerAdapter - Downloading https://repo.maven.apache.org/maven2/io/netty/netty-transport-classes-kqueue/4.1.92.Final/netty-transport-classes-kqueue-4.1.92.Final.pom
2025-03-28 02:35:51,939 [Worker-22: Building] INFO  o.e.m.c.i.e.AbstractTransferListenerAdapter - Downloaded https://repo.maven.apache.org/maven2/io/netty/netty-transport-classes-kqueue/4.1.92.Final/netty-transport-classes-kqueue-4.1.92.Final.pom
2025-03-28 02:35:51,962 [Worker-22: Building] INFO  o.e.m.c.i.e.AbstractTransferListenerAdapter - Downloading https://repo.maven.apache.org/maven2/io/netty/netty-transport-native-epoll/4.1.92.Final/netty-transport-native-epoll-4.1.92.Final.pom
2025-03-28 02:35:51,966 [Worker-22: Building] INFO  o.e.m.c.i.e.AbstractTransferListenerAdapter - Downloaded https://repo.maven.apache.org/maven2/io/netty/netty-transport-native-epoll/4.1.92.Final/netty-transport-native-epoll-4.1.92.Final.pom
2025-03-28 02:35:51,991 [Worker-22: Building] INFO  o.e.m.c.i.e.AbstractTransferListenerAdapter - Downloading https://repo.maven.apache.org/maven2/io/netty/netty-transport-native-kqueue/4.1.92.Final/netty-transport-native-kqueue-4.1.92.Final.pom
2025-03-28 02:35:51,996 [Worker-22: Building] INFO  o.e.m.c.i.e.AbstractTransferListenerAdapter - Downloaded https://repo.maven.apache.org/maven2/io/netty/netty-transport-native-kqueue/4.1.92.Final/netty-transport-native-kqueue-4.1.92.Final.pom
2025-03-28 02:35:52,024 [Worker-22: Building] INFO  o.e.m.c.i.e.AbstractTransferListenerAdapter - Downloading https://repo.maven.apache.org/maven2/io/opentelemetry/opentelemetry-api/1.26.0/opentelemetry-api-1.26.0.pom
2025-03-28 02:35:52,027 [Worker-22: Building] INFO  o.e.m.c.i.e.AbstractTransferListenerAdapter - Downloaded https://repo.maven.apache.org/maven2/io/opentelemetry/opentelemetry-api/1.26.0/opentelemetry-api-1.26.0.pom
2025-03-28 02:35:52,053 [Worker-22: Building] INFO  o.e.m.c.i.e.AbstractTransferListenerAdapter - Downloading https://repo.maven.apache.org/maven2/io/opentelemetry/opentelemetry-context/1.26.0/opentelemetry-context-1.26.0.pom
2025-03-28 02:35:52,058 [Worker-22: Building] INFO  o.e.m.c.i.e.AbstractTransferListenerAdapter - Downloaded https://repo.maven.apache.org/maven2/io/opentelemetry/opentelemetry-context/1.26.0/opentelemetry-context-1.26.0.pom
2025-03-28 02:35:52,084 [Worker-22: Building] INFO  o.e.m.c.i.e.AbstractTransferListenerAdapter - Downloading https://repo.maven.apache.org/maven2/io/opentelemetry/opentelemetry-exporter-logging/1.26.0/opentelemetry-exporter-logging-1.26.0.pom
2025-03-28 02:35:52,088 [Worker-22: Building] INFO  o.e.m.c.i.e.AbstractTransferListenerAdapter - Downloaded https://repo.maven.apache.org/maven2/io/opentelemetry/opentelemetry-exporter-logging/1.26.0/opentelemetry-exporter-logging-1.26.0.pom
2025-03-28 02:35:52,111 [Worker-22: Building] INFO  o.e.m.c.i.e.AbstractTransferListenerAdapter - Downloading https://repo.maven.apache.org/maven2/io/opentelemetry/opentelemetry-sdk/1.26.0/opentelemetry-sdk-1.26.0.pom
2025-03-28 02:35:52,115 [Worker-22: Building] INFO  o.e.m.c.i.e.AbstractTransferListenerAdapter - Downloaded https://repo.maven.apache.org/maven2/io/opentelemetry/opentelemetry-sdk/1.26.0/opentelemetry-sdk-1.26.0.pom
2025-03-28 02:35:52,137 [Worker-22: Building] INFO  o.e.m.c.i.e.AbstractTransferListenerAdapter - Downloading https://repo.maven.apache.org/maven2/io/opentelemetry/opentelemetry-sdk-common/1.26.0/opentelemetry-sdk-common-1.26.0.pom
2025-03-28 02:35:52,141 [Worker-22: Building] INFO  o.e.m.c.i.e.AbstractTransferListenerAdapter - Downloaded https://repo.maven.apache.org/maven2/io/opentelemetry/opentelemetry-sdk-common/1.26.0/opentelemetry-sdk-common-1.26.0.pom
2025-03-28 02:35:52,164 [Worker-22: Building] INFO  o.e.m.c.i.e.AbstractTransferListenerAdapter - Downloading https://repo.maven.apache.org/maven2/io/opentelemetry/opentelemetry-semconv/1.26.0-alpha/opentelemetry-semconv-1.26.0-alpha.pom
2025-03-28 02:35:52,168 [Worker-22: Building] INFO  o.e.m.c.i.e.AbstractTransferListenerAdapter - Downloaded https://repo.maven.apache.org/maven2/io/opentelemetry/opentelemetry-semconv/1.26.0-alpha/opentelemetry-semconv-1.26.0-alpha.pom
2025-03-28 02:35:52,192 [Worker-22: Building] INFO  o.e.m.c.i.e.AbstractTransferListenerAdapter - Downloading https://repo.maven.apache.org/maven2/io/opentelemetry/opentelemetry-sdk-trace/1.26.0/opentelemetry-sdk-trace-1.26.0.pom
2025-03-28 02:35:52,196 [Worker-22: Building] INFO  o.e.m.c.i.e.AbstractTransferListenerAdapter - Downloaded https://repo.maven.apache.org/maven2/io/opentelemetry/opentelemetry-sdk-trace/1.26.0/opentelemetry-sdk-trace-1.26.0.pom
2025-03-28 02:35:52,218 [Worker-22: Building] INFO  o.e.m.c.i.e.AbstractTransferListenerAdapter - Downloading https://repo.maven.apache.org/maven2/io/opentelemetry/opentelemetry-sdk-metrics/1.26.0/opentelemetry-sdk-metrics-1.26.0.pom
2025-03-28 02:35:52,221 [Worker-22: Building] INFO  o.e.m.c.i.e.AbstractTransferListenerAdapter - Downloaded https://repo.maven.apache.org/maven2/io/opentelemetry/opentelemetry-sdk-metrics/1.26.0/opentelemetry-sdk-metrics-1.26.0.pom
2025-03-28 02:35:52,242 [Worker-22: Building] INFO  o.e.m.c.i.e.AbstractTransferListenerAdapter - Downloading https://repo.maven.apache.org/maven2/io/opentelemetry/opentelemetry-extension-incubator/1.26.0-alpha/opentelemetry-extension-incubator-1.26.0-alpha.pom
2025-03-28 02:35:52,246 [Worker-22: Building] INFO  o.e.m.c.i.e.AbstractTransferListenerAdapter - Downloaded https://repo.maven.apache.org/maven2/io/opentelemetry/opentelemetry-extension-incubator/1.26.0-alpha/opentelemetry-extension-incubator-1.26.0-alpha.pom
2025-03-28 02:35:52,268 [Worker-22: Building] INFO  o.e.m.c.i.e.AbstractTransferListenerAdapter - Downloading https://repo.maven.apache.org/maven2/io/opentelemetry/opentelemetry-sdk-logs/1.26.0-alpha/opentelemetry-sdk-logs-1.26.0-alpha.pom
2025-03-28 02:35:52,271 [Worker-22: Building] INFO  o.e.m.c.i.e.AbstractTransferListenerAdapter - Downloaded https://repo.maven.apache.org/maven2/io/opentelemetry/opentelemetry-sdk-logs/1.26.0-alpha/opentelemetry-sdk-logs-1.26.0-alpha.pom
2025-03-28 02:35:52,292 [Worker-22: Building] INFO  o.e.m.c.i.e.AbstractTransferListenerAdapter - Downloading https://repo.maven.apache.org/maven2/io/opentelemetry/opentelemetry-api-logs/1.26.0-alpha/opentelemetry-api-logs-1.26.0-alpha.pom
2025-03-28 02:35:52,294 [Worker-22: Building] INFO  o.e.m.c.i.e.AbstractTransferListenerAdapter - Downloaded https://repo.maven.apache.org/maven2/io/opentelemetry/opentelemetry-api-logs/1.26.0-alpha/opentelemetry-api-logs-1.26.0-alpha.pom
2025-03-28 02:35:52,321 [Worker-22: Building] INFO  o.e.m.c.i.e.AbstractTransferListenerAdapter - Downloading https://repo.maven.apache.org/maven2/io/opentelemetry/opentelemetry-api-events/1.26.0-alpha/opentelemetry-api-events-1.26.0-alpha.pom
2025-03-28 02:35:52,325 [Worker-22: Building] INFO  o.e.m.c.i.e.AbstractTransferListenerAdapter - Downloaded https://repo.maven.apache.org/maven2/io/opentelemetry/opentelemetry-api-events/1.26.0-alpha/opentelemetry-api-events-1.26.0-alpha.pom
2025-03-28 02:35:52,355 [Worker-22: Building] INFO  o.e.m.c.i.e.AbstractTransferListenerAdapter - Downloading https://repo.maven.apache.org/maven2/io/opentelemetry/opentelemetry-sdk-extension-autoconfigure-spi/1.26.0/opentelemetry-sdk-extension-autoconfigure-spi-1.26.0.pom
2025-03-28 02:35:52,360 [Worker-22: Building] INFO  o.e.m.c.i.e.AbstractTransferListenerAdapter - Downloaded https://repo.maven.apache.org/maven2/io/opentelemetry/opentelemetry-sdk-extension-autoconfigure-spi/1.26.0/opentelemetry-sdk-extension-autoconfigure-spi-1.26.0.pom
2025-03-28 02:35:52,383 [Worker-22: Building] INFO  o.e.m.c.i.e.AbstractTransferListenerAdapter - Downloading https://repo.maven.apache.org/maven2/io/opentelemetry/opentelemetry-sdk-extension-autoconfigure/1.26.0-alpha/opentelemetry-sdk-extension-autoconfigure-1.26.0-alpha.pom
2025-03-28 02:35:52,387 [Worker-22: Building] INFO  o.e.m.c.i.e.AbstractTransferListenerAdapter - Downloaded https://repo.maven.apache.org/maven2/io/opentelemetry/opentelemetry-sdk-extension-autoconfigure/1.26.0-alpha/opentelemetry-sdk-extension-autoconfigure-1.26.0-alpha.pom
2025-03-28 02:35:52,412 [Worker-22: Building] INFO  o.e.m.c.i.e.AbstractTransferListenerAdapter - Downloading https://repo.maven.apache.org/maven2/net/bytebuddy/byte-buddy/1.14.4/byte-buddy-1.14.4.pom
2025-03-28 02:35:52,416 [Worker-22: Building] INFO  o.e.m.c.i.e.AbstractTransferListenerAdapter - Downloaded https://repo.maven.apache.org/maven2/net/bytebuddy/byte-buddy/1.14.4/byte-buddy-1.14.4.pom
2025-03-28 02:35:52,443 [Worker-22: Building] INFO  o.e.m.c.i.e.AbstractTransferListenerAdapter - Downloading https://repo.maven.apache.org/maven2/net/bytebuddy/byte-buddy-parent/1.14.4/byte-buddy-parent-1.14.4.pom
2025-03-28 02:35:52,448 [Worker-22: Building] INFO  o.e.m.c.i.e.AbstractTransferListenerAdapter - Downloaded https://repo.maven.apache.org/maven2/net/bytebuddy/byte-buddy-parent/1.14.4/byte-buddy-parent-1.14.4.pom
2025-03-28 02:35:53,141 [Worker-22: Building] INFO  o.e.m.c.i.e.AbstractTransferListenerAdapter - Downloading https://repo.maven.apache.org/maven2/org/seleniumhq/selenium/selenium-http/4.10.0/selenium-http-4.10.0.pom
2025-03-28 02:35:53,145 [Worker-22: Building] INFO  o.e.m.c.i.e.AbstractTransferListenerAdapter - Downloaded https://repo.maven.apache.org/maven2/org/seleniumhq/selenium/selenium-http/4.10.0/selenium-http-4.10.0.pom
2025-03-28 02:35:53,189 [Worker-22: Building] INFO  o.e.m.c.i.e.AbstractTransferListenerAdapter - Downloading https://repo.maven.apache.org/maven2/dev/failsafe/failsafe/3.3.1/failsafe-3.3.1.pom
2025-03-28 02:35:53,193 [Worker-22: Building] INFO  o.e.m.c.i.e.AbstractTransferListenerAdapter - Downloaded https://repo.maven.apache.org/maven2/dev/failsafe/failsafe/3.3.1/failsafe-3.3.1.pom
2025-03-28 02:35:53,221 [Worker-22: Building] INFO  o.e.m.c.i.e.AbstractTransferListenerAdapter - Downloading https://repo.maven.apache.org/maven2/dev/failsafe/failsafe-parent/3.3.1/failsafe-parent-3.3.1.pom
2025-03-28 02:35:53,225 [Worker-22: Building] INFO  o.e.m.c.i.e.AbstractTransferListenerAdapter - Downloaded https://repo.maven.apache.org/maven2/dev/failsafe/failsafe-parent/3.3.1/failsafe-parent-3.3.1.pom
2025-03-28 02:35:53,254 [Worker-22: Building] INFO  o.e.m.c.i.e.AbstractTransferListenerAdapter - Downloading https://repo.maven.apache.org/maven2/org/seleniumhq/selenium/selenium-manager/4.10.0/selenium-manager-4.10.0.pom
2025-03-28 02:35:53,257 [Worker-22: Building] INFO  o.e.m.c.i.e.AbstractTransferListenerAdapter - Downloaded https://repo.maven.apache.org/maven2/org/seleniumhq/selenium/selenium-manager/4.10.0/selenium-manager-4.10.0.pom
2025-03-28 02:35:53,299 [Worker-22: Building] INFO  o.e.m.c.i.e.AbstractTransferListenerAdapter - Downloading https://repo.maven.apache.org/maven2/org/seleniumhq/selenium/selenium-devtools-v112/4.10.0/selenium-devtools-v112-4.10.0.pom
2025-03-28 02:35:53,304 [Worker-22: Building] INFO  o.e.m.c.i.e.AbstractTransferListenerAdapter - Downloaded https://repo.maven.apache.org/maven2/org/seleniumhq/selenium/selenium-devtools-v112/4.10.0/selenium-devtools-v112-4.10.0.pom
2025-03-28 02:35:53,358 [Worker-22: Building] INFO  o.e.m.c.i.e.AbstractTransferListenerAdapter - Downloading https://repo.maven.apache.org/maven2/org/seleniumhq/selenium/selenium-devtools-v113/4.10.0/selenium-devtools-v113-4.10.0.pom
2025-03-28 02:35:53,362 [Worker-22: Building] INFO  o.e.m.c.i.e.AbstractTransferListenerAdapter - Downloaded https://repo.maven.apache.org/maven2/org/seleniumhq/selenium/selenium-devtools-v113/4.10.0/selenium-devtools-v113-4.10.0.pom
2025-03-28 02:35:53,389 [Worker-22: Building] INFO  o.e.m.c.i.e.AbstractTransferListenerAdapter - Downloading https://repo.maven.apache.org/maven2/org/seleniumhq/selenium/selenium-devtools-v114/4.10.0/selenium-devtools-v114-4.10.0.pom
2025-03-28 02:35:53,393 [Worker-22: Building] INFO  o.e.m.c.i.e.AbstractTransferListenerAdapter - Downloaded https://repo.maven.apache.org/maven2/org/seleniumhq/selenium/selenium-devtools-v114/4.10.0/selenium-devtools-v114-4.10.0.pom
2025-03-28 02:35:53,428 [Worker-22: Building] INFO  o.e.m.c.i.e.AbstractTransferListenerAdapter - Downloading https://repo.maven.apache.org/maven2/org/seleniumhq/selenium/selenium-devtools-v85/4.10.0/selenium-devtools-v85-4.10.0.pom
2025-03-28 02:35:53,433 [Worker-22: Building] INFO  o.e.m.c.i.e.AbstractTransferListenerAdapter - Downloaded https://repo.maven.apache.org/maven2/org/seleniumhq/selenium/selenium-devtools-v85/4.10.0/selenium-devtools-v85-4.10.0.pom
2025-03-28 02:35:53,471 [Worker-22: Building] INFO  o.e.m.c.i.e.AbstractTransferListenerAdapter - Downloading https://repo.maven.apache.org/maven2/org/seleniumhq/selenium/selenium-edge-driver/4.10.0/selenium-edge-driver-4.10.0.pom
2025-03-28 02:35:53,475 [Worker-22: Building] INFO  o.e.m.c.i.e.AbstractTransferListenerAdapter - Downloaded https://repo.maven.apache.org/maven2/org/seleniumhq/selenium/selenium-edge-driver/4.10.0/selenium-edge-driver-4.10.0.pom
2025-03-28 02:35:53,497 [Worker-22: Building] INFO  o.e.m.c.i.e.AbstractTransferListenerAdapter - Downloading https://repo.maven.apache.org/maven2/org/seleniumhq/selenium/selenium-firefox-driver/4.10.0/selenium-firefox-driver-4.10.0.pom
2025-03-28 02:35:53,501 [Worker-22: Building] INFO  o.e.m.c.i.e.AbstractTransferListenerAdapter - Downloaded https://repo.maven.apache.org/maven2/org/seleniumhq/selenium/selenium-firefox-driver/4.10.0/selenium-firefox-driver-4.10.0.pom
2025-03-28 02:35:53,523 [Worker-22: Building] INFO  o.e.m.c.i.e.AbstractTransferListenerAdapter - Downloading https://repo.maven.apache.org/maven2/org/seleniumhq/selenium/selenium-ie-driver/4.10.0/selenium-ie-driver-4.10.0.pom
2025-03-28 02:35:53,529 [Worker-22: Building] INFO  o.e.m.c.i.e.AbstractTransferListenerAdapter - Downloaded https://repo.maven.apache.org/maven2/org/seleniumhq/selenium/selenium-ie-driver/4.10.0/selenium-ie-driver-4.10.0.pom
2025-03-28 02:35:53,551 [Worker-22: Building] INFO  o.e.m.c.i.e.AbstractTransferListenerAdapter - Downloading https://repo.maven.apache.org/maven2/org/seleniumhq/selenium/selenium-safari-driver/4.10.0/selenium-safari-driver-4.10.0.pom
2025-03-28 02:35:53,556 [Worker-22: Building] INFO  o.e.m.c.i.e.AbstractTransferListenerAdapter - Downloaded https://repo.maven.apache.org/maven2/org/seleniumhq/selenium/selenium-safari-driver/4.10.0/selenium-safari-driver-4.10.0.pom
2025-03-28 02:35:53,577 [Worker-22: Building] INFO  o.e.m.c.i.e.AbstractTransferListenerAdapter - Downloading https://repo.maven.apache.org/maven2/org/seleniumhq/selenium/selenium-support/4.10.0/selenium-support-4.10.0.pom
2025-03-28 02:35:53,580 [Worker-22: Building] INFO  o.e.m.c.i.e.AbstractTransferListenerAdapter - Downloaded https://repo.maven.apache.org/maven2/org/seleniumhq/selenium/selenium-support/4.10.0/selenium-support-4.10.0.pom
2025-03-28 02:35:53,612 [Worker-22: Building] INFO  o.e.m.c.i.e.AbstractTransferListenerAdapter - Downloading https://repo.maven.apache.org/maven2/org/testng/testng/7.7.0/testng-7.7.0.pom
2025-03-28 02:35:53,618 [Worker-22: Building] INFO  o.e.m.c.i.e.AbstractTransferListenerAdapter - Downloaded https://repo.maven.apache.org/maven2/org/testng/testng/7.7.0/testng-7.7.0.pom
2025-03-28 02:35:53,745 [Worker-22: Building] INFO  o.e.m.c.i.e.AbstractTransferListenerAdapter - Downloading https://repo.maven.apache.org/maven2/org/seleniumhq/selenium/selenium-java/4.10.0/selenium-java-4.10.0.jar
2025-03-28 02:35:53,752 [Worker-22: Building] INFO  o.e.m.c.i.e.AbstractTransferListenerAdapter - Downloaded https://repo.maven.apache.org/maven2/org/seleniumhq/selenium/selenium-java/4.10.0/selenium-java-4.10.0.jar
2025-03-28 02:35:53,763 [BasicRepositoryConnector-repo.maven.apache.org-0-1] INFO  o.e.m.c.i.e.AbstractTransferListenerAdapter - Downloading https://repo.maven.apache.org/maven2/org/seleniumhq/selenium/selenium-chrome-driver/4.10.0/selenium-chrome-driver-4.10.0.jar
2025-03-28 02:35:53,770 [BasicRepositoryConnector-repo.maven.apache.org-0-1] INFO  o.e.m.c.i.e.AbstractTransferListenerAdapter - Downloaded https://repo.maven.apache.org/maven2/org/seleniumhq/selenium/selenium-chrome-driver/4.10.0/selenium-chrome-driver-4.10.0.jar
2025-03-28 02:35:53,788 [BasicRepositoryConnector-repo.maven.apache.org-0-1] INFO  o.e.m.c.i.e.AbstractTransferListenerAdapter - Downloading https://repo.maven.apache.org/maven2/org/seleniumhq/selenium/selenium-devtools-v112/4.10.0/selenium-devtools-v112-4.10.0.jar
2025-03-28 02:35:53,814 [BasicRepositoryConnector-repo.maven.apache.org-0-2] INFO  o.e.m.c.i.e.AbstractTransferListenerAdapter - Downloading https://repo.maven.apache.org/maven2/org/seleniumhq/selenium/selenium-chromium-driver/4.10.0/selenium-chromium-driver-4.10.0.jar
2025-03-28 02:35:53,814 [BasicRepositoryConnector-repo.maven.apache.org-0-0] INFO  o.e.m.c.i.e.AbstractTransferListenerAdapter - Downloading https://repo.maven.apache.org/maven2/org/seleniumhq/selenium/selenium-api/4.10.0/selenium-api-4.10.0.jar
2025-03-28 02:35:53,828 [BasicRepositoryConnector-repo.maven.apache.org-0-3] INFO  o.e.m.c.i.e.AbstractTransferListenerAdapter - Downloading https://repo.maven.apache.org/maven2/org/seleniumhq/selenium/selenium-json/4.10.0/selenium-json-4.10.0.jar
2025-03-28 02:35:53,829 [BasicRepositoryConnector-repo.maven.apache.org-0-4] INFO  o.e.m.c.i.e.AbstractTransferListenerAdapter - Downloading https://repo.maven.apache.org/maven2/org/seleniumhq/selenium/selenium-manager/4.10.0/selenium-manager-4.10.0.jar
2025-03-28 02:35:53,833 [BasicRepositoryConnector-repo.maven.apache.org-0-2] INFO  o.e.m.c.i.e.AbstractTransferListenerAdapter - Downloaded https://repo.maven.apache.org/maven2/org/seleniumhq/selenium/selenium-chromium-driver/4.10.0/selenium-chromium-driver-4.10.0.jar
2025-03-28 02:35:53,851 [BasicRepositoryConnector-repo.maven.apache.org-0-3] INFO  o.e.m.c.i.e.AbstractTransferListenerAdapter - Downloaded https://repo.maven.apache.org/maven2/org/seleniumhq/selenium/selenium-json/4.10.0/selenium-json-4.10.0.jar
2025-03-28 02:35:53,879 [BasicRepositoryConnector-repo.maven.apache.org-0-3] INFO  o.e.m.c.i.e.AbstractTransferListenerAdapter - Downloading https://repo.maven.apache.org/maven2/org/seleniumhq/selenium/selenium-devtools-v114/4.10.0/selenium-devtools-v114-4.10.0.jar
2025-03-28 02:35:53,880 [BasicRepositoryConnector-repo.maven.apache.org-0-2] INFO  o.e.m.c.i.e.AbstractTransferListenerAdapter - Downloading https://repo.maven.apache.org/maven2/org/seleniumhq/selenium/selenium-devtools-v113/4.10.0/selenium-devtools-v113-4.10.0.jar
2025-03-28 02:35:53,885 [BasicRepositoryConnector-repo.maven.apache.org-0-0] INFO  o.e.m.c.i.e.AbstractTransferListenerAdapter - Downloaded https://repo.maven.apache.org/maven2/org/seleniumhq/selenium/selenium-api/4.10.0/selenium-api-4.10.0.jar
2025-03-28 02:35:53,903 [BasicRepositoryConnector-repo.maven.apache.org-0-0] INFO  o.e.m.c.i.e.AbstractTransferListenerAdapter - Downloading https://repo.maven.apache.org/maven2/org/seleniumhq/selenium/selenium-devtools-v85/4.10.0/selenium-devtools-v85-4.10.0.jar
2025-03-28 02:35:53,909 [BasicRepositoryConnector-repo.maven.apache.org-0-1] INFO  o.e.m.c.i.e.AbstractTransferListenerAdapter - Downloaded https://repo.maven.apache.org/maven2/org/seleniumhq/selenium/selenium-devtools-v112/4.10.0/selenium-devtools-v112-4.10.0.jar
2025-03-28 02:35:53,935 [BasicRepositoryConnector-repo.maven.apache.org-0-1] INFO  o.e.m.c.i.e.AbstractTransferListenerAdapter - Downloading https://repo.maven.apache.org/maven2/org/seleniumhq/selenium/selenium-edge-driver/4.10.0/selenium-edge-driver-4.10.0.jar
2025-03-28 02:35:53,939 [BasicRepositoryConnector-repo.maven.apache.org-0-1] INFO  o.e.m.c.i.e.AbstractTransferListenerAdapter - Downloaded https://repo.maven.apache.org/maven2/org/seleniumhq/selenium/selenium-edge-driver/4.10.0/selenium-edge-driver-4.10.0.jar
2025-03-28 02:35:53,986 [BasicRepositoryConnector-repo.maven.apache.org-0-1] INFO  o.e.m.c.i.e.AbstractTransferListenerAdapter - Downloading https://repo.maven.apache.org/maven2/org/seleniumhq/selenium/selenium-firefox-driver/4.10.0/selenium-firefox-driver-4.10.0.jar
2025-03-28 02:35:53,993 [BasicRepositoryConnector-repo.maven.apache.org-0-1] INFO  o.e.m.c.i.e.AbstractTransferListenerAdapter - Downloaded https://repo.maven.apache.org/maven2/org/seleniumhq/selenium/selenium-firefox-driver/4.10.0/selenium-firefox-driver-4.10.0.jar
2025-03-28 02:35:54,027 [BasicRepositoryConnector-repo.maven.apache.org-0-1] INFO  o.e.m.c.i.e.AbstractTransferListenerAdapter - Downloading https://repo.maven.apache.org/maven2/org/seleniumhq/selenium/selenium-http/4.10.0/selenium-http-4.10.0.jar
2025-03-28 02:35:54,040 [BasicRepositoryConnector-repo.maven.apache.org-0-1] INFO  o.e.m.c.i.e.AbstractTransferListenerAdapter - Downloaded https://repo.maven.apache.org/maven2/org/seleniumhq/selenium/selenium-http/4.10.0/selenium-http-4.10.0.jar
2025-03-28 02:35:54,040 [BasicRepositoryConnector-repo.maven.apache.org-0-2] INFO  o.e.m.c.i.e.AbstractTransferListenerAdapter - Downloaded https://repo.maven.apache.org/maven2/org/seleniumhq/selenium/selenium-devtools-v113/4.10.0/selenium-devtools-v113-4.10.0.jar
2025-03-28 02:35:54,040 [BasicRepositoryConnector-repo.maven.apache.org-0-3] INFO  o.e.m.c.i.e.AbstractTransferListenerAdapter - Downloaded https://repo.maven.apache.org/maven2/org/seleniumhq/selenium/selenium-devtools-v114/4.10.0/selenium-devtools-v114-4.10.0.jar
2025-03-28 02:35:54,059 [BasicRepositoryConnector-repo.maven.apache.org-0-2] INFO  o.e.m.c.i.e.AbstractTransferListenerAdapter - Downloading https://repo.maven.apache.org/maven2/org/seleniumhq/selenium/selenium-ie-driver/4.10.0/selenium-ie-driver-4.10.0.jar
2025-03-28 02:35:54,063 [BasicRepositoryConnector-repo.maven.apache.org-0-1] INFO  o.e.m.c.i.e.AbstractTransferListenerAdapter - Downloading https://repo.maven.apache.org/maven2/dev/failsafe/failsafe/3.3.1/failsafe-3.3.1.jar
2025-03-28 02:35:54,064 [BasicRepositoryConnector-repo.maven.apache.org-0-3] INFO  o.e.m.c.i.e.AbstractTransferListenerAdapter - Downloading https://repo.maven.apache.org/maven2/org/seleniumhq/selenium/selenium-remote-driver/4.10.0/selenium-remote-driver-4.10.0.jar
2025-03-28 02:35:54,066 [BasicRepositoryConnector-repo.maven.apache.org-0-2] INFO  o.e.m.c.i.e.AbstractTransferListenerAdapter - Downloaded https://repo.maven.apache.org/maven2/org/seleniumhq/selenium/selenium-ie-driver/4.10.0/selenium-ie-driver-4.10.0.jar
2025-03-28 02:35:54,073 [BasicRepositoryConnector-repo.maven.apache.org-0-1] INFO  o.e.m.c.i.e.AbstractTransferListenerAdapter - Downloaded https://repo.maven.apache.org/maven2/dev/failsafe/failsafe/3.3.1/failsafe-3.3.1.jar
2025-03-28 02:35:54,081 [BasicRepositoryConnector-repo.maven.apache.org-0-0] INFO  o.e.m.c.i.e.AbstractTransferListenerAdapter - Downloaded https://repo.maven.apache.org/maven2/org/seleniumhq/selenium/selenium-devtools-v85/4.10.0/selenium-devtools-v85-4.10.0.jar
2025-03-28 02:35:54,082 [BasicRepositoryConnector-repo.maven.apache.org-0-3] INFO  o.e.m.c.i.e.AbstractTransferListenerAdapter - Downloaded https://repo.maven.apache.org/maven2/org/seleniumhq/selenium/selenium-remote-driver/4.10.0/selenium-remote-driver-4.10.0.jar
2025-03-28 02:35:54,107 [BasicRepositoryConnector-repo.maven.apache.org-0-2] INFO  o.e.m.c.i.e.AbstractTransferListenerAdapter - Downloading https://repo.maven.apache.org/maven2/io/netty/netty-buffer/4.1.92.Final/netty-buffer-4.1.92.Final.jar
2025-03-28 02:35:54,132 [BasicRepositoryConnector-repo.maven.apache.org-0-3] INFO  o.e.m.c.i.e.AbstractTransferListenerAdapter - Downloading https://repo.maven.apache.org/maven2/io/netty/netty-handler/4.1.92.Final/netty-handler-4.1.92.Final.jar
2025-03-28 02:35:54,134 [BasicRepositoryConnector-repo.maven.apache.org-0-1] INFO  o.e.m.c.i.e.AbstractTransferListenerAdapter - Downloading https://repo.maven.apache.org/maven2/io/netty/netty-codec-http/4.1.92.Final/netty-codec-http-4.1.92.Final.jar
2025-03-28 02:35:54,137 [BasicRepositoryConnector-repo.maven.apache.org-0-2] INFO  o.e.m.c.i.e.AbstractTransferListenerAdapter - Downloaded https://repo.maven.apache.org/maven2/io/netty/netty-buffer/4.1.92.Final/netty-buffer-4.1.92.Final.jar
2025-03-28 02:35:54,140 [BasicRepositoryConnector-repo.maven.apache.org-0-0] INFO  o.e.m.c.i.e.AbstractTransferListenerAdapter - Downloading https://repo.maven.apache.org/maven2/io/netty/netty-codec/4.1.92.Final/netty-codec-4.1.92.Final.jar
2025-03-28 02:35:54,172 [BasicRepositoryConnector-repo.maven.apache.org-0-0] INFO  o.e.m.c.i.e.AbstractTransferListenerAdapter - Downloaded https://repo.maven.apache.org/maven2/io/netty/netty-codec/4.1.92.Final/netty-codec-4.1.92.Final.jar
2025-03-28 02:35:54,198 [BasicRepositoryConnector-repo.maven.apache.org-0-2] INFO  o.e.m.c.i.e.AbstractTransferListenerAdapter - Downloading https://repo.maven.apache.org/maven2/io/netty/netty-common/4.1.92.Final/netty-common-4.1.92.Final.jar
2025-03-28 02:35:54,203 [BasicRepositoryConnector-repo.maven.apache.org-0-3] INFO  o.e.m.c.i.e.AbstractTransferListenerAdapter - Downloaded https://repo.maven.apache.org/maven2/io/netty/netty-handler/4.1.92.Final/netty-handler-4.1.92.Final.jar
2025-03-28 02:35:54,216 [BasicRepositoryConnector-repo.maven.apache.org-0-0] INFO  o.e.m.c.i.e.AbstractTransferListenerAdapter - Downloading https://repo.maven.apache.org/maven2/io/netty/netty-transport-classes-epoll/4.1.92.Final/netty-transport-classes-epoll-4.1.92.Final.jar
2025-03-28 02:35:54,220 [BasicRepositoryConnector-repo.maven.apache.org-0-1] INFO  o.e.m.c.i.e.AbstractTransferListenerAdapter - Downloaded https://repo.maven.apache.org/maven2/io/netty/netty-codec-http/4.1.92.Final/netty-codec-http-4.1.92.Final.jar
2025-03-28 02:35:54,229 [BasicRepositoryConnector-repo.maven.apache.org-0-0] INFO  o.e.m.c.i.e.AbstractTransferListenerAdapter - Downloaded https://repo.maven.apache.org/maven2/io/netty/netty-transport-classes-epoll/4.1.92.Final/netty-transport-classes-epoll-4.1.92.Final.jar
2025-03-28 02:35:54,236 [BasicRepositoryConnector-repo.maven.apache.org-0-3] INFO  o.e.m.c.i.e.AbstractTransferListenerAdapter - Downloading https://repo.maven.apache.org/maven2/io/netty/netty-transport-classes-kqueue/4.1.92.Final/netty-transport-classes-kqueue-4.1.92.Final.jar
2025-03-28 02:35:54,243 [BasicRepositoryConnector-repo.maven.apache.org-0-2] INFO  o.e.m.c.i.e.AbstractTransferListenerAdapter - Downloaded https://repo.maven.apache.org/maven2/io/netty/netty-common/4.1.92.Final/netty-common-4.1.92.Final.jar
2025-03-28 02:35:54,248 [BasicRepositoryConnector-repo.maven.apache.org-0-1] INFO  o.e.m.c.i.e.AbstractTransferListenerAdapter - Downloading https://repo.maven.apache.org/maven2/io/netty/netty-transport-native-epoll/4.1.92.Final/netty-transport-native-epoll-4.1.92.Final.jar
2025-03-28 02:35:54,250 [BasicRepositoryConnector-repo.maven.apache.org-0-3] INFO  o.e.m.c.i.e.AbstractTransferListenerAdapter - Downloaded https://repo.maven.apache.org/maven2/io/netty/netty-transport-classes-kqueue/4.1.92.Final/netty-transport-classes-kqueue-4.1.92.Final.jar
2025-03-28 02:35:54,254 [BasicRepositoryConnector-repo.maven.apache.org-0-0] INFO  o.e.m.c.i.e.AbstractTransferListenerAdapter - Downloading https://repo.maven.apache.org/maven2/io/netty/netty-transport-native-kqueue/4.1.92.Final/netty-transport-native-kqueue-4.1.92.Final.jar
2025-03-28 02:35:54,255 [BasicRepositoryConnector-repo.maven.apache.org-0-4] INFO  o.e.m.c.i.e.AbstractTransferListenerAdapter - Downloaded https://repo.maven.apache.org/maven2/org/seleniumhq/selenium/selenium-manager/4.10.0/selenium-manager-4.10.0.jar
2025-03-28 02:35:54,256 [BasicRepositoryConnector-repo.maven.apache.org-0-2] INFO  o.e.m.c.i.e.AbstractTransferListenerAdapter - Downloading https://repo.maven.apache.org/maven2/io/netty/netty-transport-native-unix-common/4.1.92.Final/netty-transport-native-unix-common-4.1.92.Final.jar
2025-03-28 02:35:54,258 [BasicRepositoryConnector-repo.maven.apache.org-0-0] INFO  o.e.m.c.i.e.AbstractTransferListenerAdapter - Downloaded https://repo.maven.apache.org/maven2/io/netty/netty-transport-native-kqueue/4.1.92.Final/netty-transport-native-kqueue-4.1.92.Final.jar
2025-03-28 02:35:54,261 [BasicRepositoryConnector-repo.maven.apache.org-0-2] INFO  o.e.m.c.i.e.AbstractTransferListenerAdapter - Downloaded https://repo.maven.apache.org/maven2/io/netty/netty-transport-native-unix-common/4.1.92.Final/netty-transport-native-unix-common-4.1.92.Final.jar
2025-03-28 02:35:54,264 [BasicRepositoryConnector-repo.maven.apache.org-0-3] INFO  o.e.m.c.i.e.AbstractTransferListenerAdapter - Downloading https://repo.maven.apache.org/maven2/io/netty/netty-transport/4.1.92.Final/netty-transport-4.1.92.Final.jar
2025-03-28 02:35:54,266 [BasicRepositoryConnector-repo.maven.apache.org-0-1] INFO  o.e.m.c.i.e.AbstractTransferListenerAdapter - Downloaded https://repo.maven.apache.org/maven2/io/netty/netty-transport-native-epoll/4.1.92.Final/netty-transport-native-epoll-4.1.92.Final.jar
2025-03-28 02:35:54,280 [BasicRepositoryConnector-repo.maven.apache.org-0-2] INFO  o.e.m.c.i.e.AbstractTransferListenerAdapter - Downloading https://repo.maven.apache.org/maven2/io/opentelemetry/opentelemetry-context/1.26.0/opentelemetry-context-1.26.0.jar
2025-03-28 02:35:54,283 [BasicRepositoryConnector-repo.maven.apache.org-0-0] INFO  o.e.m.c.i.e.AbstractTransferListenerAdapter - Downloading https://repo.maven.apache.org/maven2/io/opentelemetry/opentelemetry-api/1.26.0/opentelemetry-api-1.26.0.jar
2025-03-28 02:35:54,285 [BasicRepositoryConnector-repo.maven.apache.org-0-4] INFO  o.e.m.c.i.e.AbstractTransferListenerAdapter - Downloading https://repo.maven.apache.org/maven2/io/netty/netty-resolver/4.1.92.Final/netty-resolver-4.1.92.Final.jar
2025-03-28 02:35:54,286 [BasicRepositoryConnector-repo.maven.apache.org-0-2] INFO  o.e.m.c.i.e.AbstractTransferListenerAdapter - Downloaded https://repo.maven.apache.org/maven2/io/opentelemetry/opentelemetry-context/1.26.0/opentelemetry-context-1.26.0.jar
2025-03-28 02:35:54,289 [BasicRepositoryConnector-repo.maven.apache.org-0-3] INFO  o.e.m.c.i.e.AbstractTransferListenerAdapter - Downloaded https://repo.maven.apache.org/maven2/io/netty/netty-transport/4.1.92.Final/netty-transport-4.1.92.Final.jar
2025-03-28 02:35:54,294 [BasicRepositoryConnector-repo.maven.apache.org-0-1] INFO  o.e.m.c.i.e.AbstractTransferListenerAdapter - Downloading https://repo.maven.apache.org/maven2/io/opentelemetry/opentelemetry-exporter-logging/1.26.0/opentelemetry-exporter-logging-1.26.0.jar
2025-03-28 02:35:54,296 [BasicRepositoryConnector-repo.maven.apache.org-0-4] INFO  o.e.m.c.i.e.AbstractTransferListenerAdapter - Downloaded https://repo.maven.apache.org/maven2/io/netty/netty-resolver/4.1.92.Final/netty-resolver-4.1.92.Final.jar
2025-03-28 02:35:54,301 [BasicRepositoryConnector-repo.maven.apache.org-0-1] INFO  o.e.m.c.i.e.AbstractTransferListenerAdapter - Downloaded https://repo.maven.apache.org/maven2/io/opentelemetry/opentelemetry-exporter-logging/1.26.0/opentelemetry-exporter-logging-1.26.0.jar
2025-03-28 02:35:54,303 [BasicRepositoryConnector-repo.maven.apache.org-0-0] INFO  o.e.m.c.i.e.AbstractTransferListenerAdapter - Downloaded https://repo.maven.apache.org/maven2/io/opentelemetry/opentelemetry-api/1.26.0/opentelemetry-api-1.26.0.jar
2025-03-28 02:35:54,311 [BasicRepositoryConnector-repo.maven.apache.org-0-2] INFO  o.e.m.c.i.e.AbstractTransferListenerAdapter - Downloading https://repo.maven.apache.org/maven2/io/opentelemetry/opentelemetry-sdk-metrics/1.26.0/opentelemetry-sdk-metrics-1.26.0.jar
2025-03-28 02:35:54,311 [BasicRepositoryConnector-repo.maven.apache.org-0-1] INFO  o.e.m.c.i.e.AbstractTransferListenerAdapter - Downloading https://repo.maven.apache.org/maven2/io/opentelemetry/opentelemetry-api-logs/1.26.0-alpha/opentelemetry-api-logs-1.26.0-alpha.jar
2025-03-28 02:35:54,311 [BasicRepositoryConnector-repo.maven.apache.org-0-3] INFO  o.e.m.c.i.e.AbstractTransferListenerAdapter - Downloading https://repo.maven.apache.org/maven2/io/opentelemetry/opentelemetry-extension-incubator/1.26.0-alpha/opentelemetry-extension-incubator-1.26.0-alpha.jar
2025-03-28 02:35:54,312 [BasicRepositoryConnector-repo.maven.apache.org-0-4] INFO  o.e.m.c.i.e.AbstractTransferListenerAdapter - Downloading https://repo.maven.apache.org/maven2/io/opentelemetry/opentelemetry-sdk-logs/1.26.0-alpha/opentelemetry-sdk-logs-1.26.0-alpha.jar
2025-03-28 02:35:54,319 [BasicRepositoryConnector-repo.maven.apache.org-0-4] INFO  o.e.m.c.i.e.AbstractTransferListenerAdapter - Downloaded https://repo.maven.apache.org/maven2/io/opentelemetry/opentelemetry-sdk-logs/1.26.0-alpha/opentelemetry-sdk-logs-1.26.0-alpha.jar
2025-03-28 02:35:54,319 [BasicRepositoryConnector-repo.maven.apache.org-0-3] INFO  o.e.m.c.i.e.AbstractTransferListenerAdapter - Downloaded https://repo.maven.apache.org/maven2/io/opentelemetry/opentelemetry-extension-incubator/1.26.0-alpha/opentelemetry-extension-incubator-1.26.0-alpha.jar
2025-03-28 02:35:54,321 [BasicRepositoryConnector-repo.maven.apache.org-0-2] INFO  o.e.m.c.i.e.AbstractTransferListenerAdapter - Downloaded https://repo.maven.apache.org/maven2/io/opentelemetry/opentelemetry-sdk-metrics/1.26.0/opentelemetry-sdk-metrics-1.26.0.jar
2025-03-28 02:35:54,324 [BasicRepositoryConnector-repo.maven.apache.org-0-0] INFO  o.e.m.c.i.e.AbstractTransferListenerAdapter - Downloading https://repo.maven.apache.org/maven2/io/opentelemetry/opentelemetry-api-events/1.26.0-alpha/opentelemetry-api-events-1.26.0-alpha.jar
2025-03-28 02:35:54,327 [BasicRepositoryConnector-repo.maven.apache.org-0-1] INFO  o.e.m.c.i.e.AbstractTransferListenerAdapter - Downloaded https://repo.maven.apache.org/maven2/io/opentelemetry/opentelemetry-api-logs/1.26.0-alpha/opentelemetry-api-logs-1.26.0-alpha.jar
2025-03-28 02:35:54,327 [BasicRepositoryConnector-repo.maven.apache.org-0-0] INFO  o.e.m.c.i.e.AbstractTransferListenerAdapter - Downloaded https://repo.maven.apache.org/maven2/io/opentelemetry/opentelemetry-api-events/1.26.0-alpha/opentelemetry-api-events-1.26.0-alpha.jar
2025-03-28 02:35:54,331 [BasicRepositoryConnector-repo.maven.apache.org-0-3] INFO  o.e.m.c.i.e.AbstractTransferListenerAdapter - Downloading https://repo.maven.apache.org/maven2/io/opentelemetry/opentelemetry-sdk-extension-autoconfigure-spi/1.26.0/opentelemetry-sdk-extension-autoconfigure-spi-1.26.0.jar
2025-03-28 02:35:54,331 [BasicRepositoryConnector-repo.maven.apache.org-0-2] INFO  o.e.m.c.i.e.AbstractTransferListenerAdapter - Downloading https://repo.maven.apache.org/maven2/io/opentelemetry/opentelemetry-sdk-extension-autoconfigure/1.26.0-alpha/opentelemetry-sdk-extension-autoconfigure-1.26.0-alpha.jar
2025-03-28 02:35:54,332 [BasicRepositoryConnector-repo.maven.apache.org-0-4] INFO  o.e.m.c.i.e.AbstractTransferListenerAdapter - Downloading https://repo.maven.apache.org/maven2/io/opentelemetry/opentelemetry-sdk-common/1.26.0/opentelemetry-sdk-common-1.26.0.jar
2025-03-28 02:35:54,334 [BasicRepositoryConnector-repo.maven.apache.org-0-3] INFO  o.e.m.c.i.e.AbstractTransferListenerAdapter - Downloaded https://repo.maven.apache.org/maven2/io/opentelemetry/opentelemetry-sdk-extension-autoconfigure-spi/1.26.0/opentelemetry-sdk-extension-autoconfigure-spi-1.26.0.jar
2025-03-28 02:35:54,335 [BasicRepositoryConnector-repo.maven.apache.org-0-1] INFO  o.e.m.c.i.e.AbstractTransferListenerAdapter - Downloading https://repo.maven.apache.org/maven2/io/opentelemetry/opentelemetry-sdk-trace/1.26.0/opentelemetry-sdk-trace-1.26.0.jar
2025-03-28 02:35:54,336 [BasicRepositoryConnector-repo.maven.apache.org-0-2] INFO  o.e.m.c.i.e.AbstractTransferListenerAdapter - Downloaded https://repo.maven.apache.org/maven2/io/opentelemetry/opentelemetry-sdk-extension-autoconfigure/1.26.0-alpha/opentelemetry-sdk-extension-autoconfigure-1.26.0-alpha.jar
2025-03-28 02:35:54,337 [BasicRepositoryConnector-repo.maven.apache.org-0-4] INFO  o.e.m.c.i.e.AbstractTransferListenerAdapter - Downloaded https://repo.maven.apache.org/maven2/io/opentelemetry/opentelemetry-sdk-common/1.26.0/opentelemetry-sdk-common-1.26.0.jar
2025-03-28 02:35:54,343 [BasicRepositoryConnector-repo.maven.apache.org-0-0] INFO  o.e.m.c.i.e.AbstractTransferListenerAdapter - Downloading https://repo.maven.apache.org/maven2/io/opentelemetry/opentelemetry-sdk/1.26.0/opentelemetry-sdk-1.26.0.jar
2025-03-28 02:35:54,348 [BasicRepositoryConnector-repo.maven.apache.org-0-0] INFO  o.e.m.c.i.e.AbstractTransferListenerAdapter - Downloaded https://repo.maven.apache.org/maven2/io/opentelemetry/opentelemetry-sdk/1.26.0/opentelemetry-sdk-1.26.0.jar
2025-03-28 02:35:54,349 [BasicRepositoryConnector-repo.maven.apache.org-0-1] INFO  o.e.m.c.i.e.AbstractTransferListenerAdapter - Downloaded https://repo.maven.apache.org/maven2/io/opentelemetry/opentelemetry-sdk-trace/1.26.0/opentelemetry-sdk-trace-1.26.0.jar
2025-03-28 02:35:54,356 [BasicRepositoryConnector-repo.maven.apache.org-0-4] INFO  o.e.m.c.i.e.AbstractTransferListenerAdapter - Downloading https://repo.maven.apache.org/maven2/org/seleniumhq/selenium/selenium-safari-driver/4.10.0/selenium-safari-driver-4.10.0.jar
2025-03-28 02:35:54,356 [BasicRepositoryConnector-repo.maven.apache.org-0-2] INFO  o.e.m.c.i.e.AbstractTransferListenerAdapter - Downloading https://repo.maven.apache.org/maven2/net/bytebuddy/byte-buddy/1.14.4/byte-buddy-1.14.4.jar
2025-03-28 02:35:54,356 [BasicRepositoryConnector-repo.maven.apache.org-0-3] INFO  o.e.m.c.i.e.AbstractTransferListenerAdapter - Downloading https://repo.maven.apache.org/maven2/io/opentelemetry/opentelemetry-semconv/1.26.0-alpha/opentelemetry-semconv-1.26.0-alpha.jar
2025-03-28 02:35:54,360 [BasicRepositoryConnector-repo.maven.apache.org-0-3] INFO  o.e.m.c.i.e.AbstractTransferListenerAdapter - Downloaded https://repo.maven.apache.org/maven2/io/opentelemetry/opentelemetry-semconv/1.26.0-alpha/opentelemetry-semconv-1.26.0-alpha.jar
2025-03-28 02:35:54,365 [BasicRepositoryConnector-repo.maven.apache.org-0-4] INFO  o.e.m.c.i.e.AbstractTransferListenerAdapter - Downloaded https://repo.maven.apache.org/maven2/org/seleniumhq/selenium/selenium-safari-driver/4.10.0/selenium-safari-driver-4.10.0.jar
2025-03-28 02:35:54,365 [BasicRepositoryConnector-repo.maven.apache.org-0-0] INFO  o.e.m.c.i.e.AbstractTransferListenerAdapter - Downloading https://repo.maven.apache.org/maven2/org/seleniumhq/selenium/selenium-support/4.10.0/selenium-support-4.10.0.jar
2025-03-28 02:35:54,392 [BasicRepositoryConnector-repo.maven.apache.org-0-1] INFO  o.e.m.c.i.e.AbstractTransferListenerAdapter - Downloading https://repo.maven.apache.org/maven2/org/testng/testng/7.7.0/testng-7.7.0.jar
2025-03-28 02:35:54,396 [BasicRepositoryConnector-repo.maven.apache.org-0-0] INFO  o.e.m.c.i.e.AbstractTransferListenerAdapter - Downloaded https://repo.maven.apache.org/maven2/org/seleniumhq/selenium/selenium-support/4.10.0/selenium-support-4.10.0.jar
2025-03-28 02:35:54,426 [BasicRepositoryConnector-repo.maven.apache.org-0-1] INFO  o.e.m.c.i.e.AbstractTransferListenerAdapter - Downloaded https://repo.maven.apache.org/maven2/org/testng/testng/7.7.0/testng-7.7.0.jar
2025-03-28 02:35:54,550 [BasicRepositoryConnector-repo.maven.apache.org-0-2] INFO  o.e.m.c.i.e.AbstractTransferListenerAdapter - Downloaded https://repo.maven.apache.org/maven2/net/bytebuddy/byte-buddy/1.14.4/byte-buddy-1.14.4.jar
2025-03-28 02:35:56,126 [Worker-26: Download sources and javadoc] INFO  o.e.m.c.i.e.AbstractTransferListenerAdapter - Downloading https://repo.maven.apache.org/maven2/org/seleniumhq/selenium/selenium-java/4.10.0/selenium-java-4.10.0-sources.jar
2025-03-28 02:35:56,129 [Worker-26: Download sources and javadoc] INFO  o.e.m.c.i.e.AbstractTransferListenerAdapter - Downloaded https://repo.maven.apache.org/maven2/org/seleniumhq/selenium/selenium-java/4.10.0/selenium-java-4.10.0-sources.jar
2025-03-28 02:35:56,136 [Worker-26: Download sources and javadoc] INFO  o.e.m.j.internal.DownloadSourcesJob - Downloaded sources for org.seleniumhq.selenium:selenium-java:4.10.0
2025-03-28 02:35:56,185 [Worker-26: Download sources and javadoc] INFO  o.e.m.c.i.e.AbstractTransferListenerAdapter - Downloading https://repo.maven.apache.org/maven2/org/seleniumhq/selenium/selenium-api/4.10.0/selenium-api-4.10.0-sources.jar
2025-03-28 02:35:56,210 [Worker-26: Download sources and javadoc] INFO  o.e.m.c.i.e.AbstractTransferListenerAdapter - Downloaded https://repo.maven.apache.org/maven2/org/seleniumhq/selenium/selenium-api/4.10.0/selenium-api-4.10.0-sources.jar
2025-03-28 02:35:56,214 [Worker-26: Download sources and javadoc] INFO  o.e.m.j.internal.DownloadSourcesJob - Downloaded sources for org.seleniumhq.selenium:selenium-api:4.10.0
2025-03-28 02:35:56,244 [Worker-26: Download sources and javadoc] INFO  o.e.m.c.i.e.AbstractTransferListenerAdapter - Downloading https://repo.maven.apache.org/maven2/org/seleniumhq/selenium/selenium-chrome-driver/4.10.0/selenium-chrome-driver-4.10.0-sources.jar
2025-03-28 02:35:56,258 [Worker-26: Download sources and javadoc] INFO  o.e.m.c.i.e.AbstractTransferListenerAdapter - Downloaded https://repo.maven.apache.org/maven2/org/seleniumhq/selenium/selenium-chrome-driver/4.10.0/selenium-chrome-driver-4.10.0-sources.jar
2025-03-28 02:35:56,263 [Worker-26: Download sources and javadoc] INFO  o.e.m.j.internal.DownloadSourcesJob - Downloaded sources for org.seleniumhq.selenium:selenium-chrome-driver:4.10.0
2025-03-28 02:35:56,296 [Worker-26: Download sources and javadoc] INFO  o.e.m.c.i.e.AbstractTransferListenerAdapter - Downloading https://repo.maven.apache.org/maven2/org/seleniumhq/selenium/selenium-chromium-driver/4.10.0/selenium-chromium-driver-4.10.0-sources.jar
2025-03-28 02:35:56,300 [Worker-26: Download sources and javadoc] INFO  o.e.m.c.i.e.AbstractTransferListenerAdapter - Downloaded https://repo.maven.apache.org/maven2/org/seleniumhq/selenium/selenium-chromium-driver/4.10.0/selenium-chromium-driver-4.10.0-sources.jar
2025-03-28 02:35:56,304 [Worker-26: Download sources and javadoc] INFO  o.e.m.j.internal.DownloadSourcesJob - Downloaded sources for org.seleniumhq.selenium:selenium-chromium-driver:4.10.0
2025-03-28 02:35:56,348 [Worker-26: Download sources and javadoc] INFO  o.e.m.c.i.e.AbstractTransferListenerAdapter - Downloading https://repo.maven.apache.org/maven2/org/seleniumhq/selenium/selenium-json/4.10.0/selenium-json-4.10.0-sources.jar
2025-03-28 02:35:56,355 [Worker-26: Download sources and javadoc] INFO  o.e.m.c.i.e.AbstractTransferListenerAdapter - Downloaded https://repo.maven.apache.org/maven2/org/seleniumhq/selenium/selenium-json/4.10.0/selenium-json-4.10.0-sources.jar
2025-03-28 02:35:56,360 [Worker-26: Download sources and javadoc] INFO  o.e.m.j.internal.DownloadSourcesJob - Downloaded sources for org.seleniumhq.selenium:selenium-json:4.10.0
2025-03-28 02:35:56,391 [Worker-26: Download sources and javadoc] INFO  o.e.m.c.i.e.AbstractTransferListenerAdapter - Downloading https://repo.maven.apache.org/maven2/org/seleniumhq/selenium/selenium-manager/4.10.0/selenium-manager-4.10.0-sources.jar
2025-03-28 02:35:56,394 [Worker-26: Download sources and javadoc] INFO  o.e.m.c.i.e.AbstractTransferListenerAdapter - Downloaded https://repo.maven.apache.org/maven2/org/seleniumhq/selenium/selenium-manager/4.10.0/selenium-manager-4.10.0-sources.jar
2025-03-28 02:35:56,400 [Worker-26: Download sources and javadoc] INFO  o.e.m.j.internal.DownloadSourcesJob - Downloaded sources for org.seleniumhq.selenium:selenium-manager:4.10.0
2025-03-28 02:35:56,448 [Worker-26: Download sources and javadoc] INFO  o.e.m.c.i.e.AbstractTransferListenerAdapter - Downloading https://repo.maven.apache.org/maven2/org/seleniumhq/selenium/selenium-devtools-v112/4.10.0/selenium-devtools-v112-4.10.0-sources.jar
2025-03-28 02:35:56,482 [Worker-26: Download sources and javadoc] INFO  o.e.m.c.i.e.AbstractTransferListenerAdapter - Downloaded https://repo.maven.apache.org/maven2/org/seleniumhq/selenium/selenium-devtools-v112/4.10.0/selenium-devtools-v112-4.10.0-sources.jar
2025-03-28 02:35:56,486 [Worker-26: Download sources and javadoc] INFO  o.e.m.j.internal.DownloadSourcesJob - Downloaded sources for org.seleniumhq.selenium:selenium-devtools-v112:4.10.0
2025-03-28 02:35:56,514 [Worker-26: Download sources and javadoc] INFO  o.e.m.c.i.e.AbstractTransferListenerAdapter - Downloading https://repo.maven.apache.org/maven2/org/seleniumhq/selenium/selenium-devtools-v113/4.10.0/selenium-devtools-v113-4.10.0-sources.jar
2025-03-28 02:35:56,558 [Worker-26: Download sources and javadoc] INFO  o.e.m.c.i.e.AbstractTransferListenerAdapter - Downloaded https://repo.maven.apache.org/maven2/org/seleniumhq/selenium/selenium-devtools-v113/4.10.0/selenium-devtools-v113-4.10.0-sources.jar
2025-03-28 02:35:56,574 [Worker-26: Download sources and javadoc] INFO  o.e.m.j.internal.DownloadSourcesJob - Downloaded sources for org.seleniumhq.selenium:selenium-devtools-v113:4.10.0
2025-03-28 02:35:56,605 [Worker-26: Download sources and javadoc] INFO  o.e.m.c.i.e.AbstractTransferListenerAdapter - Downloading https://repo.maven.apache.org/maven2/org/seleniumhq/selenium/selenium-devtools-v114/4.10.0/selenium-devtools-v114-4.10.0-sources.jar
2025-03-28 02:35:56,638 [Worker-26: Download sources and javadoc] INFO  o.e.m.c.i.e.AbstractTransferListenerAdapter - Downloaded https://repo.maven.apache.org/maven2/org/seleniumhq/selenium/selenium-devtools-v114/4.10.0/selenium-devtools-v114-4.10.0-sources.jar
2025-03-28 02:35:56,642 [Worker-26: Download sources and javadoc] INFO  o.e.m.j.internal.DownloadSourcesJob - Downloaded sources for org.seleniumhq.selenium:selenium-devtools-v114:4.10.0
2025-03-28 02:35:56,673 [Worker-26: Download sources and javadoc] INFO  o.e.m.c.i.e.AbstractTransferListenerAdapter - Downloading https://repo.maven.apache.org/maven2/org/seleniumhq/selenium/selenium-devtools-v85/4.10.0/selenium-devtools-v85-4.10.0-sources.jar
2025-03-28 02:35:56,713 [Worker-26: Download sources and javadoc] INFO  o.e.m.c.i.e.AbstractTransferListenerAdapter - Downloaded https://repo.maven.apache.org/maven2/org/seleniumhq/selenium/selenium-devtools-v85/4.10.0/selenium-devtools-v85-4.10.0-sources.jar
2025-03-28 02:35:56,718 [Worker-26: Download sources and javadoc] INFO  o.e.m.j.internal.DownloadSourcesJob - Downloaded sources for org.seleniumhq.selenium:selenium-devtools-v85:4.10.0
2025-03-28 02:35:56,743 [Worker-26: Download sources and javadoc] INFO  o.e.m.c.i.e.AbstractTransferListenerAdapter - Downloading https://repo.maven.apache.org/maven2/org/seleniumhq/selenium/selenium-edge-driver/4.10.0/selenium-edge-driver-4.10.0-sources.jar
2025-03-28 02:35:56,746 [Worker-26: Download sources and javadoc] INFO  o.e.m.c.i.e.AbstractTransferListenerAdapter - Downloaded https://repo.maven.apache.org/maven2/org/seleniumhq/selenium/selenium-edge-driver/4.10.0/selenium-edge-driver-4.10.0-sources.jar
2025-03-28 02:35:56,750 [Worker-26: Download sources and javadoc] INFO  o.e.m.j.internal.DownloadSourcesJob - Downloaded sources for org.seleniumhq.selenium:selenium-edge-driver:4.10.0
2025-03-28 02:35:56,778 [Worker-26: Download sources and javadoc] INFO  o.e.m.c.i.e.AbstractTransferListenerAdapter - Downloading https://repo.maven.apache.org/maven2/org/seleniumhq/selenium/selenium-firefox-driver/4.10.0/selenium-firefox-driver-4.10.0-sources.jar
2025-03-28 02:35:56,790 [Worker-26: Download sources and javadoc] INFO  o.e.m.c.i.e.AbstractTransferListenerAdapter - Downloaded https://repo.maven.apache.org/maven2/org/seleniumhq/selenium/selenium-firefox-driver/4.10.0/selenium-firefox-driver-4.10.0-sources.jar
2025-03-28 02:35:56,794 [Worker-26: Download sources and javadoc] INFO  o.e.m.j.internal.DownloadSourcesJob - Downloaded sources for org.seleniumhq.selenium:selenium-firefox-driver:4.10.0
2025-03-28 02:35:56,836 [Worker-26: Download sources and javadoc] INFO  o.e.m.c.i.e.AbstractTransferListenerAdapter - Downloading https://repo.maven.apache.org/maven2/org/seleniumhq/selenium/selenium-http/4.10.0/selenium-http-4.10.0-sources.jar
2025-03-28 02:35:56,844 [Worker-26: Download sources and javadoc] INFO  o.e.m.c.i.e.AbstractTransferListenerAdapter - Downloaded https://repo.maven.apache.org/maven2/org/seleniumhq/selenium/selenium-http/4.10.0/selenium-http-4.10.0-sources.jar
2025-03-28 02:35:56,849 [Worker-26: Download sources and javadoc] INFO  o.e.m.j.internal.DownloadSourcesJob - Downloaded sources for org.seleniumhq.selenium:selenium-http:4.10.0
2025-03-28 02:35:56,880 [Worker-26: Download sources and javadoc] INFO  o.e.m.c.i.e.AbstractTransferListenerAdapter - Downloading https://repo.maven.apache.org/maven2/dev/failsafe/failsafe/3.3.1/failsafe-3.3.1-sources.jar
2025-03-28 02:35:56,892 [Worker-26: Download sources and javadoc] INFO  o.e.m.c.i.e.AbstractTransferListenerAdapter - Downloaded https://repo.maven.apache.org/maven2/dev/failsafe/failsafe/3.3.1/failsafe-3.3.1-sources.jar
2025-03-28 02:35:56,897 [Worker-26: Download sources and javadoc] INFO  o.e.m.j.internal.DownloadSourcesJob - Downloaded sources for dev.failsafe:failsafe:3.3.1
2025-03-28 02:35:56,933 [Worker-26: Download sources and javadoc] INFO  o.e.m.c.i.e.AbstractTransferListenerAdapter - Downloading https://repo.maven.apache.org/maven2/org/seleniumhq/selenium/selenium-ie-driver/4.10.0/selenium-ie-driver-4.10.0-sources.jar
2025-03-28 02:35:56,937 [Worker-26: Download sources and javadoc] INFO  o.e.m.c.i.e.AbstractTransferListenerAdapter - Downloaded https://repo.maven.apache.org/maven2/org/seleniumhq/selenium/selenium-ie-driver/4.10.0/selenium-ie-driver-4.10.0-sources.jar
2025-03-28 02:35:56,942 [Worker-26: Download sources and javadoc] INFO  o.e.m.j.internal.DownloadSourcesJob - Downloaded sources for org.seleniumhq.selenium:selenium-ie-driver:4.10.0
2025-03-28 02:35:56,983 [Worker-26: Download sources and javadoc] INFO  o.e.m.c.i.e.AbstractTransferListenerAdapter - Downloading https://repo.maven.apache.org/maven2/org/seleniumhq/selenium/selenium-remote-driver/4.10.0/selenium-remote-driver-4.10.0-sources.jar
2025-03-28 02:35:57,036 [Worker-26: Download sources and javadoc] INFO  o.e.m.c.i.e.AbstractTransferListenerAdapter - Downloaded https://repo.maven.apache.org/maven2/org/seleniumhq/selenium/selenium-remote-driver/4.10.0/selenium-remote-driver-4.10.0-sources.jar
2025-03-28 02:35:57,045 [Worker-26: Download sources and javadoc] INFO  o.e.m.j.internal.DownloadSourcesJob - Downloaded sources for org.seleniumhq.selenium:selenium-remote-driver:4.10.0
2025-03-28 02:35:57,094 [Worker-26: Download sources and javadoc] INFO  o.e.m.c.i.e.AbstractTransferListenerAdapter - Downloading https://repo.maven.apache.org/maven2/io/netty/netty-buffer/4.1.92.Final/netty-buffer-4.1.92.Final-sources.jar
2025-03-28 02:35:57,114 [Worker-26: Download sources and javadoc] INFO  o.e.m.c.i.e.AbstractTransferListenerAdapter - Downloaded https://repo.maven.apache.org/maven2/io/netty/netty-buffer/4.1.92.Final/netty-buffer-4.1.92.Final-sources.jar
2025-03-28 02:35:57,121 [Worker-22: Building] INFO  o.a.m.s.f.DefaultMavenResourcesFiltering - skip non existing resourceDirectory C:\Users\deepa\Desktop\Rajni Verma\comprehensiveProject\com.assignment\src\main\resources
2025-03-28 02:35:57,127 [Worker-22: Building] INFO  o.a.m.s.f.DefaultMavenResourcesFiltering - skip non existing resourceDirectory C:\Users\deepa\Desktop\Rajni Verma\comprehensiveProject\com.assignment\src\test\resources
2025-03-28 02:35:57,135 [Worker-26: Download sources and javadoc] INFO  o.e.m.j.internal.DownloadSourcesJob - Downloaded sources for io.netty:netty-buffer:4.1.92.Final
2025-03-28 02:35:57,172 [Worker-26: Download sources and javadoc] INFO  o.e.m.c.i.e.AbstractTransferListenerAdapter - Downloading https://repo.maven.apache.org/maven2/io/netty/netty-codec-http/4.1.92.Final/netty-codec-http-4.1.92.Final-sources.jar
2025-03-28 02:35:57,212 [Worker-26: Download sources and javadoc] INFO  o.e.m.c.i.e.AbstractTransferListenerAdapter - Downloaded https://repo.maven.apache.org/maven2/io/netty/netty-codec-http/4.1.92.Final/netty-codec-http-4.1.92.Final-sources.jar
2025-03-28 02:35:57,220 [Worker-26: Download sources and javadoc] INFO  o.e.m.j.internal.DownloadSourcesJob - Downloaded sources for io.netty:netty-codec-http:4.1.92.Final
2025-03-28 02:35:57,255 [Worker-26: Download sources and javadoc] INFO  o.e.m.c.i.e.AbstractTransferListenerAdapter - Downloading https://repo.maven.apache.org/maven2/io/netty/netty-codec/4.1.92.Final/netty-codec-4.1.92.Final-sources.jar
2025-03-28 02:35:57,283 [Worker-26: Download sources and javadoc] INFO  o.e.m.c.i.e.AbstractTransferListenerAdapter - Downloaded https://repo.maven.apache.org/maven2/io/netty/netty-codec/4.1.92.Final/netty-codec-4.1.92.Final-sources.jar
2025-03-28 02:35:57,288 [Worker-26: Download sources and javadoc] INFO  o.e.m.j.internal.DownloadSourcesJob - Downloaded sources for io.netty:netty-codec:4.1.92.Final
2025-03-28 02:35:57,333 [Worker-26: Download sources and javadoc] INFO  o.e.m.c.i.e.AbstractTransferListenerAdapter - Downloading https://repo.maven.apache.org/maven2/io/netty/netty-handler/4.1.92.Final/netty-handler-4.1.92.Final-sources.jar
2025-03-28 02:35:57,374 [Worker-26: Download sources and javadoc] INFO  o.e.m.c.i.e.AbstractTransferListenerAdapter - Downloaded https://repo.maven.apache.org/maven2/io/netty/netty-handler/4.1.92.Final/netty-handler-4.1.92.Final-sources.jar
2025-03-28 02:35:57,381 [Worker-26: Download sources and javadoc] INFO  o.e.m.j.internal.DownloadSourcesJob - Downloaded sources for io.netty:netty-handler:4.1.92.Final
2025-03-28 02:35:57,421 [Worker-26: Download sources and javadoc] INFO  o.e.m.c.i.e.AbstractTransferListenerAdapter - Downloading https://repo.maven.apache.org/maven2/io/netty/netty-common/4.1.92.Final/netty-common-4.1.92.Final-sources.jar
2025-03-28 02:35:57,453 [Worker-26: Download sources and javadoc] INFO  o.e.m.c.i.e.AbstractTransferListenerAdapter - Downloaded https://repo.maven.apache.org/maven2/io/netty/netty-common/4.1.92.Final/netty-common-4.1.92.Final-sources.jar
2025-03-28 02:35:57,458 [Worker-26: Download sources and javadoc] INFO  o.e.m.j.internal.DownloadSourcesJob - Downloaded sources for io.netty:netty-common:4.1.92.Final
2025-03-28 02:35:57,495 [Worker-26: Download sources and javadoc] INFO  o.e.m.c.i.e.AbstractTransferListenerAdapter - Downloading https://repo.maven.apache.org/maven2/io/netty/netty-transport-classes-epoll/4.1.92.Final/netty-transport-classes-epoll-4.1.92.Final-sources.jar
2025-03-28 02:35:57,509 [Worker-26: Download sources and javadoc] INFO  o.e.m.c.i.e.AbstractTransferListenerAdapter - Downloaded https://repo.maven.apache.org/maven2/io/netty/netty-transport-classes-epoll/4.1.92.Final/netty-transport-classes-epoll-4.1.92.Final-sources.jar
2025-03-28 02:35:57,513 [Worker-26: Download sources and javadoc] INFO  o.e.m.j.internal.DownloadSourcesJob - Downloaded sources for io.netty:netty-transport-classes-epoll:4.1.92.Final
2025-03-28 02:35:57,543 [Worker-26: Download sources and javadoc] INFO  o.e.m.c.i.e.AbstractTransferListenerAdapter - Downloading https://repo.maven.apache.org/maven2/io/netty/netty-transport-classes-kqueue/4.1.92.Final/netty-transport-classes-kqueue-4.1.92.Final-sources.jar
2025-03-28 02:35:57,556 [Worker-26: Download sources and javadoc] INFO  o.e.m.c.i.e.AbstractTransferListenerAdapter - Downloaded https://repo.maven.apache.org/maven2/io/netty/netty-transport-classes-kqueue/4.1.92.Final/netty-transport-classes-kqueue-4.1.92.Final-sources.jar
2025-03-28 02:35:57,563 [Worker-26: Download sources and javadoc] INFO  o.e.m.j.internal.DownloadSourcesJob - Downloaded sources for io.netty:netty-transport-classes-kqueue:4.1.92.Final
2025-03-28 02:35:57,600 [Worker-26: Download sources and javadoc] INFO  o.e.m.c.i.e.AbstractTransferListenerAdapter - Downloading https://repo.maven.apache.org/maven2/io/netty/netty-transport-native-epoll/4.1.92.Final/netty-transport-native-epoll-4.1.92.Final-sources.jar
2025-03-28 02:35:57,607 [Worker-26: Download sources and javadoc] INFO  o.e.m.c.i.e.AbstractTransferListenerAdapter - Downloaded https://repo.maven.apache.org/maven2/io/netty/netty-transport-native-epoll/4.1.92.Final/netty-transport-native-epoll-4.1.92.Final-sources.jar
2025-03-28 02:35:57,616 [Worker-26: Download sources and javadoc] INFO  o.e.m.j.internal.DownloadSourcesJob - Downloaded sources for io.netty:netty-transport-native-epoll:4.1.92.Final
2025-03-28 02:35:57,650 [Worker-26: Download sources and javadoc] INFO  o.e.m.c.i.e.AbstractTransferListenerAdapter - Downloading https://repo.maven.apache.org/maven2/io/netty/netty-transport-native-kqueue/4.1.92.Final/netty-transport-native-kqueue-4.1.92.Final-sources.jar
2025-03-28 02:35:57,658 [Worker-26: Download sources and javadoc] INFO  o.e.m.c.i.e.AbstractTransferListenerAdapter - Downloaded https://repo.maven.apache.org/maven2/io/netty/netty-transport-native-kqueue/4.1.92.Final/netty-transport-native-kqueue-4.1.92.Final-sources.jar
2025-03-28 02:35:57,662 [Worker-26: Download sources and javadoc] INFO  o.e.m.j.internal.DownloadSourcesJob - Downloaded sources for io.netty:netty-transport-native-kqueue:4.1.92.Final
2025-03-28 02:35:57,705 [Worker-26: Download sources and javadoc] INFO  o.e.m.c.i.e.AbstractTransferListenerAdapter - Downloading https://repo.maven.apache.org/maven2/io/netty/netty-transport-native-unix-common/4.1.92.Final/netty-transport-native-unix-common-4.1.92.Final-sources.jar
2025-03-28 02:35:57,718 [Worker-26: Download sources and javadoc] INFO  o.e.m.c.i.e.AbstractTransferListenerAdapter - Downloaded https://repo.maven.apache.org/maven2/io/netty/netty-transport-native-unix-common/4.1.92.Final/netty-transport-native-unix-common-4.1.92.Final-sources.jar
2025-03-28 02:35:57,725 [Worker-26: Download sources and javadoc] INFO  o.e.m.j.internal.DownloadSourcesJob - Downloaded sources for io.netty:netty-transport-native-unix-common:4.1.92.Final
2025-03-28 02:35:57,755 [Worker-26: Download sources and javadoc] INFO  o.e.m.c.i.e.AbstractTransferListenerAdapter - Downloading https://repo.maven.apache.org/maven2/io/netty/netty-transport/4.1.92.Final/netty-transport-4.1.92.Final-sources.jar
2025-03-28 02:35:57,814 [Worker-26: Download sources and javadoc] INFO  o.e.m.c.i.e.AbstractTransferListenerAdapter - Downloaded https://repo.maven.apache.org/maven2/io/netty/netty-transport/4.1.92.Final/netty-transport-4.1.92.Final-sources.jar
2025-03-28 02:35:57,819 [Worker-26: Download sources and javadoc] INFO  o.e.m.j.internal.DownloadSourcesJob - Downloaded sources for io.netty:netty-transport:4.1.92.Final
2025-03-28 02:35:57,857 [Worker-26: Download sources and javadoc] INFO  o.e.m.c.i.e.AbstractTransferListenerAdapter - Downloading https://repo.maven.apache.org/maven2/io/netty/netty-resolver/4.1.92.Final/netty-resolver-4.1.92.Final-sources.jar
2025-03-28 02:35:57,863 [Worker-26: Download sources and javadoc] INFO  o.e.m.c.i.e.AbstractTransferListenerAdapter - Downloaded https://repo.maven.apache.org/maven2/io/netty/netty-resolver/4.1.92.Final/netty-resolver-4.1.92.Final-sources.jar
2025-03-28 02:35:57,869 [Worker-26: Download sources and javadoc] INFO  o.e.m.j.internal.DownloadSourcesJob - Downloaded sources for io.netty:netty-resolver:4.1.92.Final
2025-03-28 02:35:57,911 [Worker-26: Download sources and javadoc] INFO  o.e.m.c.i.e.AbstractTransferListenerAdapter - Downloading https://repo.maven.apache.org/maven2/io/opentelemetry/opentelemetry-api/1.26.0/opentelemetry-api-1.26.0-sources.jar
2025-03-28 02:35:57,949 [Worker-26: Download sources and javadoc] INFO  o.e.m.c.i.e.AbstractTransferListenerAdapter - Downloaded https://repo.maven.apache.org/maven2/io/opentelemetry/opentelemetry-api/1.26.0/opentelemetry-api-1.26.0-sources.jar
2025-03-28 02:35:57,956 [Worker-26: Download sources and javadoc] INFO  o.e.m.j.internal.DownloadSourcesJob - Downloaded sources for io.opentelemetry:opentelemetry-api:1.26.0
2025-03-28 02:35:58,006 [Worker-26: Download sources and javadoc] INFO  o.e.m.c.i.e.AbstractTransferListenerAdapter - Downloading https://repo.maven.apache.org/maven2/io/opentelemetry/opentelemetry-context/1.26.0/opentelemetry-context-1.26.0-sources.jar
2025-03-28 02:35:58,012 [Worker-26: Download sources and javadoc] INFO  o.e.m.c.i.e.AbstractTransferListenerAdapter - Downloaded https://repo.maven.apache.org/maven2/io/opentelemetry/opentelemetry-context/1.26.0/opentelemetry-context-1.26.0-sources.jar
2025-03-28 02:35:58,019 [Worker-26: Download sources and javadoc] INFO  o.e.m.j.internal.DownloadSourcesJob - Downloaded sources for io.opentelemetry:opentelemetry-context:1.26.0
2025-03-28 02:35:58,066 [Worker-26: Download sources and javadoc] INFO  o.e.m.c.i.e.AbstractTransferListenerAdapter - Downloading https://repo.maven.apache.org/maven2/io/opentelemetry/opentelemetry-exporter-logging/1.26.0/opentelemetry-exporter-logging-1.26.0-sources.jar
2025-03-28 02:35:58,070 [Worker-26: Download sources and javadoc] INFO  o.e.m.c.i.e.AbstractTransferListenerAdapter - Downloaded https://repo.maven.apache.org/maven2/io/opentelemetry/opentelemetry-exporter-logging/1.26.0/opentelemetry-exporter-logging-1.26.0-sources.jar
2025-03-28 02:35:58,078 [Worker-26: Download sources and javadoc] INFO  o.e.m.j.internal.DownloadSourcesJob - Downloaded sources for io.opentelemetry:opentelemetry-exporter-logging:1.26.0
2025-03-28 02:35:58,120 [Worker-26: Download sources and javadoc] INFO  o.e.m.c.i.e.AbstractTransferListenerAdapter - Downloading https://repo.maven.apache.org/maven2/io/opentelemetry/opentelemetry-sdk-metrics/1.26.0/opentelemetry-sdk-metrics-1.26.0-sources.jar
2025-03-28 02:35:58,162 [Worker-26: Download sources and javadoc] INFO  o.e.m.c.i.e.AbstractTransferListenerAdapter - Downloaded https://repo.maven.apache.org/maven2/io/opentelemetry/opentelemetry-sdk-metrics/1.26.0/opentelemetry-sdk-metrics-1.26.0-sources.jar
2025-03-28 02:35:58,170 [Worker-26: Download sources and javadoc] INFO  o.e.m.j.internal.DownloadSourcesJob - Downloaded sources for io.opentelemetry:opentelemetry-sdk-metrics:1.26.0
2025-03-28 02:35:58,207 [Worker-26: Download sources and javadoc] INFO  o.e.m.c.i.e.AbstractTransferListenerAdapter - Downloading https://repo.maven.apache.org/maven2/io/opentelemetry/opentelemetry-extension-incubator/1.26.0-alpha/opentelemetry-extension-incubator-1.26.0-alpha-sources.jar
2025-03-28 02:35:58,217 [Worker-26: Download sources and javadoc] INFO  o.e.m.c.i.e.AbstractTransferListenerAdapter - Downloaded https://repo.maven.apache.org/maven2/io/opentelemetry/opentelemetry-extension-incubator/1.26.0-alpha/opentelemetry-extension-incubator-1.26.0-alpha-sources.jar
2025-03-28 02:35:58,230 [Worker-26: Download sources and javadoc] INFO  o.e.m.j.internal.DownloadSourcesJob - Downloaded sources for io.opentelemetry:opentelemetry-extension-incubator:1.26.0-alpha
2025-03-28 02:35:58,285 [Worker-26: Download sources and javadoc] INFO  o.e.m.c.i.e.AbstractTransferListenerAdapter - Downloading https://repo.maven.apache.org/maven2/io/opentelemetry/opentelemetry-sdk-logs/1.26.0-alpha/opentelemetry-sdk-logs-1.26.0-alpha-sources.jar
2025-03-28 02:35:58,302 [Worker-26: Download sources and javadoc] INFO  o.e.m.c.i.e.AbstractTransferListenerAdapter - Downloaded https://repo.maven.apache.org/maven2/io/opentelemetry/opentelemetry-sdk-logs/1.26.0-alpha/opentelemetry-sdk-logs-1.26.0-alpha-sources.jar
2025-03-28 02:35:58,308 [Worker-26: Download sources and javadoc] INFO  o.e.m.j.internal.DownloadSourcesJob - Downloaded sources for io.opentelemetry:opentelemetry-sdk-logs:1.26.0-alpha
2025-03-28 02:35:58,360 [Worker-26: Download sources and javadoc] INFO  o.e.m.c.i.e.AbstractTransferListenerAdapter - Downloading https://repo.maven.apache.org/maven2/io/opentelemetry/opentelemetry-api-logs/1.26.0-alpha/opentelemetry-api-logs-1.26.0-alpha-sources.jar
2025-03-28 02:35:58,369 [Worker-26: Download sources and javadoc] INFO  o.e.m.c.i.e.AbstractTransferListenerAdapter - Downloaded https://repo.maven.apache.org/maven2/io/opentelemetry/opentelemetry-api-logs/1.26.0-alpha/opentelemetry-api-logs-1.26.0-alpha-sources.jar
2025-03-28 02:35:58,378 [Worker-26: Download sources and javadoc] INFO  o.e.m.j.internal.DownloadSourcesJob - Downloaded sources for io.opentelemetry:opentelemetry-api-logs:1.26.0-alpha
2025-03-28 02:35:58,441 [Worker-26: Download sources and javadoc] INFO  o.e.m.c.i.e.AbstractTransferListenerAdapter - Downloading https://repo.maven.apache.org/maven2/io/opentelemetry/opentelemetry-api-events/1.26.0-alpha/opentelemetry-api-events-1.26.0-alpha-sources.jar
2025-03-28 02:35:58,444 [Worker-26: Download sources and javadoc] INFO  o.e.m.c.i.e.AbstractTransferListenerAdapter - Downloaded https://repo.maven.apache.org/maven2/io/opentelemetry/opentelemetry-api-events/1.26.0-alpha/opentelemetry-api-events-1.26.0-alpha-sources.jar
2025-03-28 02:35:58,454 [Worker-26: Download sources and javadoc] INFO  o.e.m.j.internal.DownloadSourcesJob - Downloaded sources for io.opentelemetry:opentelemetry-api-events:1.26.0-alpha
2025-03-28 02:35:58,501 [Worker-26: Download sources and javadoc] INFO  o.e.m.c.i.e.AbstractTransferListenerAdapter - Downloading https://repo.maven.apache.org/maven2/io/opentelemetry/opentelemetry-sdk-common/1.26.0/opentelemetry-sdk-common-1.26.0-sources.jar
2025-03-28 02:35:58,505 [Worker-26: Download sources and javadoc] INFO  o.e.m.c.i.e.AbstractTransferListenerAdapter - Downloaded https://repo.maven.apache.org/maven2/io/opentelemetry/opentelemetry-sdk-common/1.26.0/opentelemetry-sdk-common-1.26.0-sources.jar
2025-03-28 02:35:58,511 [Worker-26: Download sources and javadoc] INFO  o.e.m.j.internal.DownloadSourcesJob - Downloaded sources for io.opentelemetry:opentelemetry-sdk-common:1.26.0
2025-03-28 02:35:58,548 [Worker-26: Download sources and javadoc] INFO  o.e.m.c.i.e.AbstractTransferListenerAdapter - Downloading https://repo.maven.apache.org/maven2/io/opentelemetry/opentelemetry-sdk-extension-autoconfigure-spi/1.26.0/opentelemetry-sdk-extension-autoconfigure-spi-1.26.0-sources.jar
2025-03-28 02:35:58,639 [Worker-26: Download sources and javadoc] INFO  o.e.m.c.i.e.AbstractTransferListenerAdapter - Downloaded https://repo.maven.apache.org/maven2/io/opentelemetry/opentelemetry-sdk-extension-autoconfigure-spi/1.26.0/opentelemetry-sdk-extension-autoconfigure-spi-1.26.0-sources.jar
2025-03-28 02:35:58,644 [Worker-26: Download sources and javadoc] INFO  o.e.m.j.internal.DownloadSourcesJob - Downloaded sources for io.opentelemetry:opentelemetry-sdk-extension-autoconfigure-spi:1.26.0
2025-03-28 02:35:58,700 [Worker-26: Download sources and javadoc] INFO  o.e.m.c.i.e.AbstractTransferListenerAdapter - Downloading https://repo.maven.apache.org/maven2/io/opentelemetry/opentelemetry-sdk-extension-autoconfigure/1.26.0-alpha/opentelemetry-sdk-extension-autoconfigure-1.26.0-alpha-sources.jar
2025-03-28 02:35:58,705 [Worker-26: Download sources and javadoc] INFO  o.e.m.c.i.e.AbstractTransferListenerAdapter - Downloaded https://repo.maven.apache.org/maven2/io/opentelemetry/opentelemetry-sdk-extension-autoconfigure/1.26.0-alpha/opentelemetry-sdk-extension-autoconfigure-1.26.0-alpha-sources.jar
2025-03-28 02:35:58,711 [Worker-26: Download sources and javadoc] INFO  o.e.m.j.internal.DownloadSourcesJob - Downloaded sources for io.opentelemetry:opentelemetry-sdk-extension-autoconfigure:1.26.0-alpha
2025-03-28 02:35:58,799 [Worker-26: Download sources and javadoc] INFO  o.e.m.c.i.e.AbstractTransferListenerAdapter - Downloading https://repo.maven.apache.org/maven2/io/opentelemetry/opentelemetry-sdk-trace/1.26.0/opentelemetry-sdk-trace-1.26.0-sources.jar
2025-03-28 02:35:58,814 [Worker-26: Download sources and javadoc] INFO  o.e.m.c.i.e.AbstractTransferListenerAdapter - Downloaded https://repo.maven.apache.org/maven2/io/opentelemetry/opentelemetry-sdk-trace/1.26.0/opentelemetry-sdk-trace-1.26.0-sources.jar
2025-03-28 02:35:58,820 [Worker-26: Download sources and javadoc] INFO  o.e.m.j.internal.DownloadSourcesJob - Downloaded sources for io.opentelemetry:opentelemetry-sdk-trace:1.26.0
2025-03-28 02:35:58,929 [Worker-26: Download sources and javadoc] INFO  o.e.m.c.i.e.AbstractTransferListenerAdapter - Downloading https://repo.maven.apache.org/maven2/io/opentelemetry/opentelemetry-sdk/1.26.0/opentelemetry-sdk-1.26.0-sources.jar
2025-03-28 02:35:58,934 [Worker-26: Download sources and javadoc] INFO  o.e.m.c.i.e.AbstractTransferListenerAdapter - Downloaded https://repo.maven.apache.org/maven2/io/opentelemetry/opentelemetry-sdk/1.26.0/opentelemetry-sdk-1.26.0-sources.jar
2025-03-28 02:35:58,975 [Worker-26: Download sources and javadoc] INFO  o.e.m.j.internal.DownloadSourcesJob - Downloaded sources for io.opentelemetry:opentelemetry-sdk:1.26.0
2025-03-28 02:35:59,029 [Worker-26: Download sources and javadoc] INFO  o.e.m.c.i.e.AbstractTransferListenerAdapter - Downloading https://repo.maven.apache.org/maven2/io/opentelemetry/opentelemetry-semconv/1.26.0-alpha/opentelemetry-semconv-1.26.0-alpha-sources.jar
2025-03-28 02:35:59,036 [Worker-26: Download sources and javadoc] INFO  o.e.m.c.i.e.AbstractTransferListenerAdapter - Downloaded https://repo.maven.apache.org/maven2/io/opentelemetry/opentelemetry-semconv/1.26.0-alpha/opentelemetry-semconv-1.26.0-alpha-sources.jar
2025-03-28 02:35:59,040 [Worker-26: Download sources and javadoc] INFO  o.e.m.j.internal.DownloadSourcesJob - Downloaded sources for io.opentelemetry:opentelemetry-semconv:1.26.0-alpha
2025-03-28 02:35:59,091 [Worker-26: Download sources and javadoc] INFO  o.e.m.c.i.e.AbstractTransferListenerAdapter - Downloading https://repo.maven.apache.org/maven2/net/bytebuddy/byte-buddy/1.14.4/byte-buddy-1.14.4-sources.jar
2025-03-28 02:35:59,175 [Worker-26: Download sources and javadoc] INFO  o.e.m.c.i.e.AbstractTransferListenerAdapter - Downloaded https://repo.maven.apache.org/maven2/net/bytebuddy/byte-buddy/1.14.4/byte-buddy-1.14.4-sources.jar
2025-03-28 02:35:59,186 [Worker-26: Download sources and javadoc] INFO  o.e.m.j.internal.DownloadSourcesJob - Downloaded sources for net.bytebuddy:byte-buddy:1.14.4
2025-03-28 02:35:59,218 [Worker-26: Download sources and javadoc] INFO  o.e.m.c.i.e.AbstractTransferListenerAdapter - Downloading https://repo.maven.apache.org/maven2/org/seleniumhq/selenium/selenium-safari-driver/4.10.0/selenium-safari-driver-4.10.0-sources.jar
2025-03-28 02:35:59,223 [Worker-26: Download sources and javadoc] INFO  o.e.m.c.i.e.AbstractTransferListenerAdapter - Downloaded https://repo.maven.apache.org/maven2/org/seleniumhq/selenium/selenium-safari-driver/4.10.0/selenium-safari-driver-4.10.0-sources.jar
2025-03-28 02:35:59,241 [Worker-26: Download sources and javadoc] INFO  o.e.m.j.internal.DownloadSourcesJob - Downloaded sources for org.seleniumhq.selenium:selenium-safari-driver:4.10.0
2025-03-28 02:35:59,277 [Worker-26: Download sources and javadoc] INFO  o.e.m.c.i.e.AbstractTransferListenerAdapter - Downloading https://repo.maven.apache.org/maven2/org/seleniumhq/selenium/selenium-support/4.10.0/selenium-support-4.10.0-sources.jar
2025-03-28 02:35:59,295 [Worker-26: Download sources and javadoc] INFO  o.e.m.c.i.e.AbstractTransferListenerAdapter - Downloaded https://repo.maven.apache.org/maven2/org/seleniumhq/selenium/selenium-support/4.10.0/selenium-support-4.10.0-sources.jar
2025-03-28 02:35:59,302 [Worker-26: Download sources and javadoc] INFO  o.e.m.j.internal.DownloadSourcesJob - Downloaded sources for org.seleniumhq.selenium:selenium-support:4.10.0
2025-03-28 02:35:59,341 [Worker-26: Download sources and javadoc] INFO  o.e.m.c.i.e.AbstractTransferListenerAdapter - Downloading https://repo.maven.apache.org/maven2/org/testng/testng/7.7.0/testng-7.7.0-sources.jar
2025-03-28 02:35:59,393 [Worker-26: Download sources and javadoc] INFO  o.e.m.c.i.e.AbstractTransferListenerAdapter - Downloaded https://repo.maven.apache.org/maven2/org/testng/testng/7.7.0/testng-7.7.0-sources.jar
2025-03-28 02:35:59,401 [Worker-26: Download sources and javadoc] INFO  o.e.m.j.internal.DownloadSourcesJob - Downloaded sources for org.testng:testng:7.7.0
2025-03-28 02:36:37,085 [Worker-32: Building] INFO  o.a.m.s.f.DefaultMavenResourcesFiltering - skip non existing resourceDirectory C:\Users\deepa\Desktop\Rajni Verma\comprehensiveProject\com.assignment\src\main\resources
2025-03-28 02:36:37,088 [Worker-32: Building] INFO  o.a.m.s.f.DefaultMavenResourcesFiltering - skip non existing resourceDirectory C:\Users\deepa\Desktop\Rajni Verma\comprehensiveProject\com.assignment\src\test\resources
2025-03-28 02:36:54,584 [Worker-29: Building] INFO  o.a.m.s.f.DefaultMavenResourcesFiltering - skip non existing resourceDirectory C:\Users\deepa\Desktop\Rajni Verma\comprehensiveProject\com.assignment\src\main\resources
2025-03-28 02:36:54,592 [Worker-29: Building] INFO  o.a.m.s.f.DefaultMavenResourcesFiltering - skip non existing resourceDirectory C:\Users\deepa\Desktop\Rajni Verma\comprehensiveProject\com.assignment\src\test\resources
2025-03-28 02:37:21,901 [Worker-39: Building] INFO  o.a.m.s.f.DefaultMavenResourcesFiltering - skip non existing resourceDirectory C:\Users\deepa\Desktop\Rajni Verma\comprehensiveProject\com.assignment\src\main\resources
2025-03-28 02:37:21,904 [Worker-39: Building] INFO  o.a.m.s.f.DefaultMavenResourcesFiltering - skip non existing resourceDirectory C:\Users\deepa\Desktop\Rajni Verma\comprehensiveProject\com.assignment\src\test\resources
2025-03-28 02:37:52,023 [Worker-33: Building] INFO  o.a.m.s.f.DefaultMavenResourcesFiltering - skip non existing resourceDirectory C:\Users\deepa\Desktop\Rajni Verma\comprehensiveProject\com.assignment\src\main\resources
2025-03-28 02:37:52,024 [Worker-33: Building] INFO  o.a.m.s.f.DefaultMavenResourcesFiltering - skip non existing resourceDirectory C:\Users\deepa\Desktop\Rajni Verma\comprehensiveProject\com.assignment\src\test\resources
2025-03-28 02:38:32,195 [Worker-40: Building] INFO  o.a.m.s.f.DefaultMavenResourcesFiltering - skip non existing resourceDirectory C:\Users\deepa\Desktop\Rajni Verma\comprehensiveProject\com.assignment\src\main\resources
2025-03-28 02:38:32,197 [Worker-40: Building] INFO  o.a.m.s.f.DefaultMavenResourcesFiltering - skip non existing resourceDirectory C:\Users\deepa\Desktop\Rajni Verma\comprehensiveProject\com.assignment\src\test\resources
2025-03-28 02:38:47,451 [Worker-28: Building] INFO  o.a.m.s.f.DefaultMavenResourcesFiltering - skip non existing resourceDirectory C:\Users\deepa\Desktop\Rajni Verma\comprehensiveProject\com.assignment\src\main\resources
2025-03-28 02:38:47,453 [Worker-28: Building] INFO  o.a.m.s.f.DefaultMavenResourcesFiltering - skip non existing resourceDirectory C:\Users\deepa\Desktop\Rajni Verma\comprehensiveProject\com.assignment\src\test\resources
2025-03-28 02:39:45,106 [Worker-26: Building] INFO  o.a.m.s.f.DefaultMavenResourcesFiltering - skip non existing resourceDirectory C:\Users\deepa\Desktop\Rajni Verma\comprehensiveProject\com.assignment\src\main\resources
2025-03-28 02:39:45,114 [Worker-26: Building] INFO  o.a.m.s.f.DefaultMavenResourcesFiltering - skip non existing resourceDirectory C:\Users\deepa\Desktop\Rajni Verma\comprehensiveProject\com.assignment\src\test\resources
2025-03-28 02:40:20,449 [Worker-29: Building] INFO  o.a.m.s.f.DefaultMavenResourcesFiltering - skip non existing resourceDirectory C:\Users\deepa\Desktop\Rajni Verma\comprehensiveProject\com.assignment\src\main\resources
2025-03-28 02:40:20,452 [Worker-29: Building] INFO  o.a.m.s.f.DefaultMavenResourcesFiltering - skip non existing resourceDirectory C:\Users\deepa\Desktop\Rajni Verma\comprehensiveProject\com.assignment\src\test\resources
2025-03-28 02:40:30,475 [Worker-29: Building] INFO  o.a.m.s.f.DefaultMavenResourcesFiltering - skip non existing resourceDirectory C:\Users\deepa\Desktop\Rajni Verma\comprehensiveProject\com.assignment\src\main\resources
2025-03-28 02:40:30,477 [Worker-29: Building] INFO  o.a.m.s.f.DefaultMavenResourcesFiltering - skip non existing resourceDirectory C:\Users\deepa\Desktop\Rajni Verma\comprehensiveProject\com.assignment\src\test\resources
2025-03-28 02:41:26,988 [Worker-26: Building] INFO  o.a.m.s.f.DefaultMavenResourcesFiltering - skip non existing resourceDirectory C:\Users\deepa\Desktop\Rajni Verma\comprehensiveProject\com.assignment\src\main\resources
2025-03-28 02:41:26,991 [Worker-26: Building] INFO  o.a.m.s.f.DefaultMavenResourcesFiltering - skip non existing resourceDirectory C:\Users\deepa\Desktop\Rajni Verma\comprehensiveProject\com.assignment\src\test\resources
2025-03-28 02:41:50,435 [Worker-31: Building] INFO  o.a.m.s.f.DefaultMavenResourcesFiltering - skip non existing resourceDirectory C:\Users\deepa\Desktop\Rajni Verma\comprehensiveProject\com.assignment\src\main\resources
2025-03-28 02:41:50,437 [Worker-31: Building] INFO  o.a.m.s.f.DefaultMavenResourcesFiltering - skip non existing resourceDirectory C:\Users\deepa\Desktop\Rajni Verma\comprehensiveProject\com.assignment\src\test\resources
2025-03-28 02:42:15,138 [Worker-26: Building] INFO  o.a.m.s.f.DefaultMavenResourcesFiltering - skip non existing resourceDirectory C:\Users\deepa\Desktop\Rajni Verma\comprehensiveProject\com.assignment\src\main\resources
2025-03-28 02:42:15,140 [Worker-26: Building] INFO  o.a.m.s.f.DefaultMavenResourcesFiltering - skip non existing resourceDirectory C:\Users\deepa\Desktop\Rajni Verma\comprehensiveProject\com.assignment\src\test\resources
2025-03-28 02:43:11,245 [Worker-30: Building] INFO  o.a.m.s.f.DefaultMavenResourcesFiltering - skip non existing resourceDirectory C:\Users\deepa\Desktop\Rajni Verma\comprehensiveProject\com.assignment\src\main\resources
2025-03-28 02:43:11,246 [Worker-30: Building] INFO  o.a.m.s.f.DefaultMavenResourcesFiltering - skip non existing resourceDirectory C:\Users\deepa\Desktop\Rajni Verma\comprehensiveProject\com.assignment\src\test\resources
2025-03-28 02:43:50,680 [Worker-22: Building] INFO  o.a.m.s.f.DefaultMavenResourcesFiltering - skip non existing resourceDirectory C:\Users\deepa\Desktop\Rajni Verma\comprehensiveProject\com.assignment\src\main\resources
2025-03-28 02:43:50,683 [Worker-22: Building] INFO  o.a.m.s.f.DefaultMavenResourcesFiltering - skip non existing resourceDirectory C:\Users\deepa\Desktop\Rajni Verma\comprehensiveProject\com.assignment\src\test\resources
2025-03-28 02:44:01,053 [Worker-35: Building] INFO  o.a.m.s.f.DefaultMavenResourcesFiltering - skip non existing resourceDirectory C:\Users\deepa\Desktop\Rajni Verma\comprehensiveProject\com.assignment\src\main\resources
2025-03-28 02:44:01,056 [Worker-35: Building] INFO  o.a.m.s.f.DefaultMavenResourcesFiltering - skip non existing resourceDirectory C:\Users\deepa\Desktop\Rajni Verma\comprehensiveProject\com.assignment\src\test\resources
2025-03-28 02:44:08,250 [Worker-31: Building] INFO  o.a.m.s.f.DefaultMavenResourcesFiltering - skip non existing resourceDirectory C:\Users\deepa\Desktop\Rajni Verma\comprehensiveProject\com.assignment\src\main\resources
2025-03-28 02:44:08,251 [Worker-31: Building] INFO  o.a.m.s.f.DefaultMavenResourcesFiltering - skip non existing resourceDirectory C:\Users\deepa\Desktop\Rajni Verma\comprehensiveProject\com.assignment\src\test\resources
2025-03-28 02:44:14,825 [Worker-28: Building] INFO  o.a.m.s.f.DefaultMavenResourcesFiltering - skip non existing resourceDirectory C:\Users\deepa\Desktop\Rajni Verma\comprehensiveProject\com.assignment\src\main\resources
2025-03-28 02:44:14,833 [Worker-28: Building] INFO  o.a.m.s.f.DefaultMavenResourcesFiltering - skip non existing resourceDirectory C:\Users\deepa\Desktop\Rajni Verma\comprehensiveProject\com.assignment\src\test\resources
2025-03-28 02:44:40,395 [Worker-33: Building] INFO  o.a.m.s.f.DefaultMavenResourcesFiltering - skip non existing resourceDirectory C:\Users\deepa\Desktop\Rajni Verma\comprehensiveProject\com.assignment\src\main\resources
2025-03-28 02:44:40,397 [Worker-33: Building] INFO  o.a.m.s.f.DefaultMavenResourcesFiltering - skip non existing resourceDirectory C:\Users\deepa\Desktop\Rajni Verma\comprehensiveProject\com.assignment\src\test\resources
2025-03-28 02:45:02,870 [Worker-30: Building] INFO  o.a.m.s.f.DefaultMavenResourcesFiltering - skip non existing resourceDirectory C:\Users\deepa\Desktop\Rajni Verma\comprehensiveProject\com.assignment\src\main\resources
2025-03-28 02:45:02,873 [Worker-30: Building] INFO  o.a.m.s.f.DefaultMavenResourcesFiltering - skip non existing resourceDirectory C:\Users\deepa\Desktop\Rajni Verma\comprehensiveProject\com.assignment\src\test\resources
2025-03-28 02:45:22,523 [Worker-29: Building] INFO  o.a.m.s.f.DefaultMavenResourcesFiltering - skip non existing resourceDirectory C:\Users\deepa\Desktop\Rajni Verma\comprehensiveProject\com.assignment\src\main\resources
2025-03-28 02:45:22,525 [Worker-29: Building] INFO  o.a.m.s.f.DefaultMavenResourcesFiltering - skip non existing resourceDirectory C:\Users\deepa\Desktop\Rajni Verma\comprehensiveProject\com.assignment\src\test\resources
2025-03-28 02:45:32,538 [Worker-38: Building] INFO  o.a.m.s.f.DefaultMavenResourcesFiltering - skip non existing resourceDirectory C:\Users\deepa\Desktop\Rajni Verma\comprehensiveProject\com.assignment\src\main\resources
2025-03-28 02:45:32,540 [Worker-38: Building] INFO  o.a.m.s.f.DefaultMavenResourcesFiltering - skip non existing resourceDirectory C:\Users\deepa\Desktop\Rajni Verma\comprehensiveProject\com.assignment\src\test\resources
2025-03-28 02:45:53,159 [Worker-29: Building] INFO  o.a.m.s.f.DefaultMavenResourcesFiltering - skip non existing resourceDirectory C:\Users\deepa\Desktop\Rajni Verma\comprehensiveProject\com.assignment\src\main\resources
2025-03-28 02:45:53,160 [Worker-29: Building] INFO  o.a.m.s.f.DefaultMavenResourcesFiltering - skip non existing resourceDirectory C:\Users\deepa\Desktop\Rajni Verma\comprehensiveProject\com.assignment\src\test\resources
2025-03-28 02:46:42,232 [Worker-43: Building] INFO  o.a.m.s.f.DefaultMavenResourcesFiltering - skip non existing resourceDirectory C:\Users\deepa\Desktop\Rajni Verma\comprehensiveProject\com.assignment\src\main\resources
2025-03-28 02:46:42,234 [Worker-43: Building] INFO  o.a.m.s.f.DefaultMavenResourcesFiltering - skip non existing resourceDirectory C:\Users\deepa\Desktop\Rajni Verma\comprehensiveProject\com.assignment\src\test\resources
2025-03-28 02:47:28,750 [Worker-39: Building] INFO  o.a.m.s.f.DefaultMavenResourcesFiltering - skip non existing resourceDirectory C:\Users\deepa\Desktop\Rajni Verma\comprehensiveProject\com.assignment\src\main\resources
2025-03-28 02:47:28,752 [Worker-39: Building] INFO  o.a.m.s.f.DefaultMavenResourcesFiltering - skip non existing resourceDirectory C:\Users\deepa\Desktop\Rajni Verma\comprehensiveProject\com.assignment\src\test\resources
2025-03-28 03:21:23,838 [Worker-52: Building] INFO  o.a.m.s.f.DefaultMavenResourcesFiltering - skip non existing resourceDirectory C:\Users\deepa\Desktop\Rajni Verma\comprehensiveProject\com.assignment\src\main\resources
2025-03-28 03:21:23,852 [Worker-52: Building] INFO  o.a.m.s.f.DefaultMavenResourcesFiltering - skip non existing resourceDirectory C:\Users\deepa\Desktop\Rajni Verma\comprehensiveProject\com.assignment\src\test\resources
2025-03-28 03:21:27,742 [Worker-52: Building] INFO  o.a.m.s.f.DefaultMavenResourcesFiltering - skip non existing resourceDirectory C:\Users\deepa\Desktop\Rajni Verma\comprehensiveProject\com.assignment\src\main\resources
2025-03-28 03:21:27,745 [Worker-52: Building] INFO  o.a.m.s.f.DefaultMavenResourcesFiltering - skip non existing resourceDirectory C:\Users\deepa\Desktop\Rajni Verma\comprehensiveProject\com.assignment\src\test\resources
2025-03-28 03:23:11,910 [Worker-33: Building] INFO  o.e.m.c.i.l.LifecycleMappingFactory - Using org.eclipse.m2e.jdt.JarLifecycleMapping lifecycle mapping for MavenProject: com.comprehensive:com.assignment:0.0.1-SNAPSHOT @ C:\Users\deepa\Desktop\Rajni Verma\comprehensiveProject\com.assignment\pom.xml.
2025-03-28 03:23:12,678 [Worker-33: Building] INFO  o.e.m.c.i.e.AbstractTransferListenerAdapter - Downloading https://repo.maven.apache.org/maven2/io/rest-assured/rest-assured/5.3.0/rest-assured-5.3.0.pom
2025-03-28 03:23:12,688 [Worker-33: Building] INFO  o.e.m.c.i.e.AbstractTransferListenerAdapter - Downloaded https://repo.maven.apache.org/maven2/io/rest-assured/rest-assured/5.3.0/rest-assured-5.3.0.pom
2025-03-28 03:23:12,718 [Worker-33: Building] INFO  o.e.m.c.i.e.AbstractTransferListenerAdapter - Downloading https://repo.maven.apache.org/maven2/io/rest-assured/rest-assured-parent/5.3.0/rest-assured-parent-5.3.0.pom
2025-03-28 03:23:12,738 [Worker-33: Building] INFO  o.e.m.c.i.e.AbstractTransferListenerAdapter - Downloaded https://repo.maven.apache.org/maven2/io/rest-assured/rest-assured-parent/5.3.0/rest-assured-parent-5.3.0.pom
2025-03-28 03:23:12,777 [Worker-33: Building] INFO  o.e.m.c.i.e.AbstractTransferListenerAdapter - Downloading https://repo.maven.apache.org/maven2/org/apache/groovy/groovy/4.0.6/groovy-4.0.6.pom
2025-03-28 03:23:12,784 [Worker-33: Building] INFO  o.e.m.c.i.e.AbstractTransferListenerAdapter - Downloaded https://repo.maven.apache.org/maven2/org/apache/groovy/groovy/4.0.6/groovy-4.0.6.pom
2025-03-28 03:23:12,806 [Worker-33: Building] INFO  o.e.m.c.i.e.AbstractTransferListenerAdapter - Downloading https://repo.maven.apache.org/maven2/org/apache/groovy/groovy-bom/4.0.6/groovy-bom-4.0.6.pom
2025-03-28 03:23:12,812 [Worker-33: Building] INFO  o.e.m.c.i.e.AbstractTransferListenerAdapter - Downloaded https://repo.maven.apache.org/maven2/org/apache/groovy/groovy-bom/4.0.6/groovy-bom-4.0.6.pom
2025-03-28 03:23:12,831 [Worker-33: Building] INFO  o.e.m.c.i.e.AbstractTransferListenerAdapter - Downloading https://repo.maven.apache.org/maven2/org/apache/groovy/groovy-xml/4.0.6/groovy-xml-4.0.6.pom
2025-03-28 03:23:12,837 [Worker-33: Building] INFO  o.e.m.c.i.e.AbstractTransferListenerAdapter - Downloaded https://repo.maven.apache.org/maven2/org/apache/groovy/groovy-xml/4.0.6/groovy-xml-4.0.6.pom
2025-03-28 03:23:13,111 [Worker-33: Building] INFO  o.e.m.c.i.e.AbstractTransferListenerAdapter - Downloading https://repo.maven.apache.org/maven2/io/rest-assured/json-path/5.3.0/json-path-5.3.0.pom
2025-03-28 03:23:13,115 [Worker-33: Building] INFO  o.e.m.c.i.e.AbstractTransferListenerAdapter - Downloaded https://repo.maven.apache.org/maven2/io/rest-assured/json-path/5.3.0/json-path-5.3.0.pom
2025-03-28 03:23:13,140 [Worker-33: Building] INFO  o.e.m.c.i.e.AbstractTransferListenerAdapter - Downloading https://repo.maven.apache.org/maven2/org/apache/groovy/groovy-json/4.0.6/groovy-json-4.0.6.pom
2025-03-28 03:23:13,146 [Worker-33: Building] INFO  o.e.m.c.i.e.AbstractTransferListenerAdapter - Downloaded https://repo.maven.apache.org/maven2/org/apache/groovy/groovy-json/4.0.6/groovy-json-4.0.6.pom
2025-03-28 03:23:13,169 [Worker-33: Building] INFO  o.e.m.c.i.e.AbstractTransferListenerAdapter - Downloading https://repo.maven.apache.org/maven2/io/rest-assured/rest-assured-common/5.3.0/rest-assured-common-5.3.0.pom
2025-03-28 03:23:13,174 [Worker-33: Building] INFO  o.e.m.c.i.e.AbstractTransferListenerAdapter - Downloaded https://repo.maven.apache.org/maven2/io/rest-assured/rest-assured-common/5.3.0/rest-assured-common-5.3.0.pom
2025-03-28 03:23:13,207 [Worker-33: Building] INFO  o.e.m.c.i.e.AbstractTransferListenerAdapter - Downloading https://repo.maven.apache.org/maven2/io/rest-assured/xml-path/5.3.0/xml-path-5.3.0.pom
2025-03-28 03:23:13,210 [Worker-33: Building] INFO  o.e.m.c.i.e.AbstractTransferListenerAdapter - Downloaded https://repo.maven.apache.org/maven2/io/rest-assured/xml-path/5.3.0/xml-path-5.3.0.pom
2025-03-28 03:23:13,238 [Worker-33: Building] INFO  o.e.m.c.i.e.AbstractTransferListenerAdapter - Downloading https://repo.maven.apache.org/maven2/io/rest-assured/json-schema-validator/5.3.0/json-schema-validator-5.3.0.pom
2025-03-28 03:23:13,241 [Worker-33: Building] INFO  o.e.m.c.i.e.AbstractTransferListenerAdapter - Downloaded https://repo.maven.apache.org/maven2/io/rest-assured/json-schema-validator/5.3.0/json-schema-validator-5.3.0.pom
2025-03-28 03:23:13,274 [Worker-33: Building] INFO  o.e.m.c.i.e.AbstractTransferListenerAdapter - Downloading https://repo.maven.apache.org/maven2/io/rest-assured/modules/5.3.0/modules-5.3.0.pom
2025-03-28 03:23:13,276 [Worker-33: Building] INFO  o.e.m.c.i.e.AbstractTransferListenerAdapter - Downloaded https://repo.maven.apache.org/maven2/io/rest-assured/modules/5.3.0/modules-5.3.0.pom
2025-03-28 03:23:13,298 [Worker-33: Building] INFO  o.e.m.c.i.e.AbstractTransferListenerAdapter - Downloading https://repo.maven.apache.org/maven2/com/github/java-json-tools/json-schema-validator/2.2.14/json-schema-validator-2.2.14.pom
2025-03-28 03:23:13,302 [Worker-33: Building] INFO  o.e.m.c.i.e.AbstractTransferListenerAdapter - Downloaded https://repo.maven.apache.org/maven2/com/github/java-json-tools/json-schema-validator/2.2.14/json-schema-validator-2.2.14.pom
2025-03-28 03:23:13,321 [Worker-33: Building] INFO  o.e.m.c.i.e.AbstractTransferListenerAdapter - Downloading https://repo.maven.apache.org/maven2/com/google/guava/guava/28.2-android/guava-28.2-android.pom
2025-03-28 03:23:13,329 [Worker-33: Building] INFO  o.e.m.c.i.e.AbstractTransferListenerAdapter - Downloaded https://repo.maven.apache.org/maven2/com/google/guava/guava/28.2-android/guava-28.2-android.pom
2025-03-28 03:23:13,357 [Worker-33: Building] INFO  o.e.m.c.i.e.AbstractTransferListenerAdapter - Downloading https://repo.maven.apache.org/maven2/com/google/guava/guava-parent/28.2-android/guava-parent-28.2-android.pom
2025-03-28 03:23:13,362 [Worker-33: Building] INFO  o.e.m.c.i.e.AbstractTransferListenerAdapter - Downloaded https://repo.maven.apache.org/maven2/com/google/guava/guava-parent/28.2-android/guava-parent-28.2-android.pom
2025-03-28 03:23:13,385 [Worker-33: Building] INFO  o.e.m.c.i.e.AbstractTransferListenerAdapter - Downloading https://repo.maven.apache.org/maven2/org/checkerframework/checker-compat-qual/2.5.5/checker-compat-qual-2.5.5.pom
2025-03-28 03:23:13,388 [Worker-33: Building] INFO  o.e.m.c.i.e.AbstractTransferListenerAdapter - Downloaded https://repo.maven.apache.org/maven2/org/checkerframework/checker-compat-qual/2.5.5/checker-compat-qual-2.5.5.pom
2025-03-28 03:23:13,409 [Worker-33: Building] INFO  o.e.m.c.i.e.AbstractTransferListenerAdapter - Downloading https://repo.maven.apache.org/maven2/com/google/errorprone/error_prone_annotations/2.3.4/error_prone_annotations-2.3.4.pom
2025-03-28 03:23:13,413 [Worker-33: Building] INFO  o.e.m.c.i.e.AbstractTransferListenerAdapter - Downloaded https://repo.maven.apache.org/maven2/com/google/errorprone/error_prone_annotations/2.3.4/error_prone_annotations-2.3.4.pom
2025-03-28 03:23:13,434 [Worker-33: Building] INFO  o.e.m.c.i.e.AbstractTransferListenerAdapter - Downloading https://repo.maven.apache.org/maven2/com/google/errorprone/error_prone_parent/2.3.4/error_prone_parent-2.3.4.pom
2025-03-28 03:23:13,437 [Worker-33: Building] INFO  o.e.m.c.i.e.AbstractTransferListenerAdapter - Downloaded https://repo.maven.apache.org/maven2/com/google/errorprone/error_prone_parent/2.3.4/error_prone_parent-2.3.4.pom
2025-03-28 03:23:13,459 [Worker-33: Building] INFO  o.e.m.c.i.e.AbstractTransferListenerAdapter - Downloading https://repo.maven.apache.org/maven2/com/github/java-json-tools/jackson-coreutils-equivalence/1.0/jackson-coreutils-equivalence-1.0.pom
2025-03-28 03:23:13,461 [Worker-33: Building] INFO  o.e.m.c.i.e.AbstractTransferListenerAdapter - Downloaded https://repo.maven.apache.org/maven2/com/github/java-json-tools/jackson-coreutils-equivalence/1.0/jackson-coreutils-equivalence-1.0.pom
2025-03-28 03:23:13,485 [Worker-33: Building] INFO  o.e.m.c.i.e.AbstractTransferListenerAdapter - Downloading https://repo.maven.apache.org/maven2/com/fasterxml/jackson/core/jackson-databind/2.11.0/jackson-databind-2.11.0.pom
2025-03-28 03:23:13,488 [Worker-33: Building] INFO  o.e.m.c.i.e.AbstractTransferListenerAdapter - Downloaded https://repo.maven.apache.org/maven2/com/fasterxml/jackson/core/jackson-databind/2.11.0/jackson-databind-2.11.0.pom
2025-03-28 03:23:13,510 [Worker-33: Building] INFO  o.e.m.c.i.e.AbstractTransferListenerAdapter - Downloading https://repo.maven.apache.org/maven2/com/fasterxml/jackson/jackson-base/2.11.0/jackson-base-2.11.0.pom
2025-03-28 03:23:13,513 [Worker-33: Building] INFO  o.e.m.c.i.e.AbstractTransferListenerAdapter - Downloaded https://repo.maven.apache.org/maven2/com/fasterxml/jackson/jackson-base/2.11.0/jackson-base-2.11.0.pom
2025-03-28 03:23:13,537 [Worker-33: Building] INFO  o.e.m.c.i.e.AbstractTransferListenerAdapter - Downloading https://repo.maven.apache.org/maven2/com/fasterxml/jackson/jackson-bom/2.11.0/jackson-bom-2.11.0.pom
2025-03-28 03:23:13,541 [Worker-33: Building] INFO  o.e.m.c.i.e.AbstractTransferListenerAdapter - Downloaded https://repo.maven.apache.org/maven2/com/fasterxml/jackson/jackson-bom/2.11.0/jackson-bom-2.11.0.pom
2025-03-28 03:23:13,561 [Worker-33: Building] INFO  o.e.m.c.i.e.AbstractTransferListenerAdapter - Downloading https://repo.maven.apache.org/maven2/com/fasterxml/jackson/jackson-parent/2.11/jackson-parent-2.11.pom
2025-03-28 03:23:13,565 [Worker-33: Building] INFO  o.e.m.c.i.e.AbstractTransferListenerAdapter - Downloaded https://repo.maven.apache.org/maven2/com/fasterxml/jackson/jackson-parent/2.11/jackson-parent-2.11.pom
2025-03-28 03:23:13,611 [Worker-33: Building] INFO  o.e.m.c.i.e.AbstractTransferListenerAdapter - Downloading https://repo.maven.apache.org/maven2/com/fasterxml/jackson/core/jackson-annotations/2.11.0/jackson-annotations-2.11.0.pom
2025-03-28 03:23:13,616 [Worker-33: Building] INFO  o.e.m.c.i.e.AbstractTransferListenerAdapter - Downloaded https://repo.maven.apache.org/maven2/com/fasterxml/jackson/core/jackson-annotations/2.11.0/jackson-annotations-2.11.0.pom
2025-03-28 03:23:13,638 [Worker-33: Building] INFO  o.e.m.c.i.e.AbstractTransferListenerAdapter - Downloading https://repo.maven.apache.org/maven2/com/fasterxml/jackson/core/jackson-core/2.11.0/jackson-core-2.11.0.pom
2025-03-28 03:23:13,642 [Worker-33: Building] INFO  o.e.m.c.i.e.AbstractTransferListenerAdapter - Downloaded https://repo.maven.apache.org/maven2/com/fasterxml/jackson/core/jackson-core/2.11.0/jackson-core-2.11.0.pom
2025-03-28 03:23:13,664 [Worker-33: Building] INFO  o.e.m.c.i.e.AbstractTransferListenerAdapter - Downloading https://repo.maven.apache.org/maven2/com/github/java-json-tools/jackson-coreutils/2.0/jackson-coreutils-2.0.pom
2025-03-28 03:23:13,667 [Worker-33: Building] INFO  o.e.m.c.i.e.AbstractTransferListenerAdapter - Downloaded https://repo.maven.apache.org/maven2/com/github/java-json-tools/jackson-coreutils/2.0/jackson-coreutils-2.0.pom
2025-03-28 03:23:13,689 [Worker-33: Building] INFO  o.e.m.c.i.e.AbstractTransferListenerAdapter - Downloading https://repo.maven.apache.org/maven2/com/github/java-json-tools/msg-simple/1.2/msg-simple-1.2.pom
2025-03-28 03:23:13,693 [Worker-33: Building] INFO  o.e.m.c.i.e.AbstractTransferListenerAdapter - Downloaded https://repo.maven.apache.org/maven2/com/github/java-json-tools/msg-simple/1.2/msg-simple-1.2.pom
2025-03-28 03:23:13,714 [Worker-33: Building] INFO  o.e.m.c.i.e.AbstractTransferListenerAdapter - Downloading https://repo.maven.apache.org/maven2/com/github/java-json-tools/btf/1.3/btf-1.3.pom
2025-03-28 03:23:13,718 [Worker-33: Building] INFO  o.e.m.c.i.e.AbstractTransferListenerAdapter - Downloaded https://repo.maven.apache.org/maven2/com/github/java-json-tools/btf/1.3/btf-1.3.pom
2025-03-28 03:23:13,739 [Worker-33: Building] INFO  o.e.m.c.i.e.AbstractTransferListenerAdapter - Downloading https://repo.maven.apache.org/maven2/com/github/java-json-tools/json-schema-core/1.2.14/json-schema-core-1.2.14.pom
2025-03-28 03:23:13,743 [Worker-33: Building] INFO  o.e.m.c.i.e.AbstractTransferListenerAdapter - Downloaded https://repo.maven.apache.org/maven2/com/github/java-json-tools/json-schema-core/1.2.14/json-schema-core-1.2.14.pom
2025-03-28 03:23:13,766 [Worker-33: Building] INFO  o.e.m.c.i.e.AbstractTransferListenerAdapter - Downloading https://repo.maven.apache.org/maven2/com/github/java-json-tools/uri-template/0.10/uri-template-0.10.pom
2025-03-28 03:23:13,769 [Worker-33: Building] INFO  o.e.m.c.i.e.AbstractTransferListenerAdapter - Downloaded https://repo.maven.apache.org/maven2/com/github/java-json-tools/uri-template/0.10/uri-template-0.10.pom
2025-03-28 03:23:13,791 [Worker-33: Building] INFO  o.e.m.c.i.e.AbstractTransferListenerAdapter - Downloading https://repo.maven.apache.org/maven2/com/google/guava/guava/28.1-android/guava-28.1-android.pom
2025-03-28 03:23:13,795 [Worker-33: Building] INFO  o.e.m.c.i.e.AbstractTransferListenerAdapter - Downloaded https://repo.maven.apache.org/maven2/com/google/guava/guava/28.1-android/guava-28.1-android.pom
2025-03-28 03:23:13,816 [Worker-33: Building] INFO  o.e.m.c.i.e.AbstractTransferListenerAdapter - Downloading https://repo.maven.apache.org/maven2/com/google/guava/guava-parent/28.1-android/guava-parent-28.1-android.pom
2025-03-28 03:23:13,819 [Worker-33: Building] INFO  o.e.m.c.i.e.AbstractTransferListenerAdapter - Downloaded https://repo.maven.apache.org/maven2/com/google/guava/guava-parent/28.1-android/guava-parent-28.1-android.pom
2025-03-28 03:23:13,842 [Worker-33: Building] INFO  o.e.m.c.i.e.AbstractTransferListenerAdapter - Downloading https://repo.maven.apache.org/maven2/com/google/errorprone/error_prone_annotations/2.3.2/error_prone_annotations-2.3.2.pom
2025-03-28 03:23:13,846 [Worker-33: Building] INFO  o.e.m.c.i.e.AbstractTransferListenerAdapter - Downloaded https://repo.maven.apache.org/maven2/com/google/errorprone/error_prone_annotations/2.3.2/error_prone_annotations-2.3.2.pom
2025-03-28 03:23:13,865 [Worker-33: Building] INFO  o.e.m.c.i.e.AbstractTransferListenerAdapter - Downloading https://repo.maven.apache.org/maven2/com/google/errorprone/error_prone_parent/2.3.2/error_prone_parent-2.3.2.pom
2025-03-28 03:23:13,870 [Worker-33: Building] INFO  o.e.m.c.i.e.AbstractTransferListenerAdapter - Downloaded https://repo.maven.apache.org/maven2/com/google/errorprone/error_prone_parent/2.3.2/error_prone_parent-2.3.2.pom
2025-03-28 03:23:13,894 [Worker-33: Building] INFO  o.e.m.c.i.e.AbstractTransferListenerAdapter - Downloading https://repo.maven.apache.org/maven2/org/codehaus/mojo/animal-sniffer-annotations/1.18/animal-sniffer-annotations-1.18.pom
2025-03-28 03:23:13,896 [Worker-33: Building] INFO  o.e.m.c.i.e.AbstractTransferListenerAdapter - Downloaded https://repo.maven.apache.org/maven2/org/codehaus/mojo/animal-sniffer-annotations/1.18/animal-sniffer-annotations-1.18.pom
2025-03-28 03:23:13,917 [Worker-33: Building] INFO  o.e.m.c.i.e.AbstractTransferListenerAdapter - Downloading https://repo.maven.apache.org/maven2/org/codehaus/mojo/animal-sniffer-parent/1.18/animal-sniffer-parent-1.18.pom
2025-03-28 03:23:13,920 [Worker-33: Building] INFO  o.e.m.c.i.e.AbstractTransferListenerAdapter - Downloaded https://repo.maven.apache.org/maven2/org/codehaus/mojo/animal-sniffer-parent/1.18/animal-sniffer-parent-1.18.pom
2025-03-28 03:23:13,943 [Worker-33: Building] INFO  o.e.m.c.i.e.AbstractTransferListenerAdapter - Downloading https://repo.maven.apache.org/maven2/org/codehaus/mojo/mojo-parent/50/mojo-parent-50.pom
2025-03-28 03:23:13,948 [Worker-33: Building] INFO  o.e.m.c.i.e.AbstractTransferListenerAdapter - Downloaded https://repo.maven.apache.org/maven2/org/codehaus/mojo/mojo-parent/50/mojo-parent-50.pom
2025-03-28 03:23:13,974 [Worker-33: Building] INFO  o.e.m.c.i.e.AbstractTransferListenerAdapter - Downloading https://repo.maven.apache.org/maven2/org/mozilla/rhino/1.7.7.2/rhino-1.7.7.2.pom
2025-03-28 03:23:13,976 [Worker-33: Building] INFO  o.e.m.c.i.e.AbstractTransferListenerAdapter - Downloaded https://repo.maven.apache.org/maven2/org/mozilla/rhino/1.7.7.2/rhino-1.7.7.2.pom
2025-03-28 03:23:14,002 [Worker-33: Building] INFO  o.e.m.c.i.e.AbstractTransferListenerAdapter - Downloading https://repo.maven.apache.org/maven2/com/sun/mail/mailapi/1.6.2/mailapi-1.6.2.pom
2025-03-28 03:23:14,005 [Worker-33: Building] INFO  o.e.m.c.i.e.AbstractTransferListenerAdapter - Downloaded https://repo.maven.apache.org/maven2/com/sun/mail/mailapi/1.6.2/mailapi-1.6.2.pom
2025-03-28 03:23:14,032 [Worker-33: Building] INFO  o.e.m.c.i.e.AbstractTransferListenerAdapter - Downloading https://repo.maven.apache.org/maven2/com/sun/mail/all/1.6.2/all-1.6.2.pom
2025-03-28 03:23:14,037 [Worker-33: Building] INFO  o.e.m.c.i.e.AbstractTransferListenerAdapter - Downloaded https://repo.maven.apache.org/maven2/com/sun/mail/all/1.6.2/all-1.6.2.pom
2025-03-28 03:23:14,056 [Worker-33: Building] INFO  o.e.m.c.i.e.AbstractTransferListenerAdapter - Downloading https://repo.maven.apache.org/maven2/net/java/jvnet-parent/1/jvnet-parent-1.pom
2025-03-28 03:23:14,059 [Worker-33: Building] INFO  o.e.m.c.i.e.AbstractTransferListenerAdapter - Downloaded https://repo.maven.apache.org/maven2/net/java/jvnet-parent/1/jvnet-parent-1.pom
2025-03-28 03:23:14,080 [Worker-33: Building] INFO  o.e.m.c.i.e.AbstractTransferListenerAdapter - Downloading https://repo.maven.apache.org/maven2/joda-time/joda-time/2.10.5/joda-time-2.10.5.pom
2025-03-28 03:23:14,083 [Worker-33: Building] INFO  o.e.m.c.i.e.AbstractTransferListenerAdapter - Downloaded https://repo.maven.apache.org/maven2/joda-time/joda-time/2.10.5/joda-time-2.10.5.pom
2025-03-28 03:23:14,106 [Worker-33: Building] INFO  o.e.m.c.i.e.AbstractTransferListenerAdapter - Downloading https://repo.maven.apache.org/maven2/com/googlecode/libphonenumber/libphonenumber/8.11.1/libphonenumber-8.11.1.pom
2025-03-28 03:23:14,109 [Worker-33: Building] INFO  o.e.m.c.i.e.AbstractTransferListenerAdapter - Downloaded https://repo.maven.apache.org/maven2/com/googlecode/libphonenumber/libphonenumber/8.11.1/libphonenumber-8.11.1.pom
2025-03-28 03:23:14,134 [Worker-33: Building] INFO  o.e.m.c.i.e.AbstractTransferListenerAdapter - Downloading https://repo.maven.apache.org/maven2/com/googlecode/libphonenumber/libphonenumber-parent/8.11.1/libphonenumber-parent-8.11.1.pom
2025-03-28 03:23:14,137 [Worker-33: Building] INFO  o.e.m.c.i.e.AbstractTransferListenerAdapter - Downloaded https://repo.maven.apache.org/maven2/com/googlecode/libphonenumber/libphonenumber-parent/8.11.1/libphonenumber-parent-8.11.1.pom
2025-03-28 03:23:14,155 [Worker-33: Building] INFO  o.e.m.c.i.e.AbstractTransferListenerAdapter - Downloading https://repo.maven.apache.org/maven2/net/sf/jopt-simple/jopt-simple/5.0.4/jopt-simple-5.0.4.pom
2025-03-28 03:23:14,159 [Worker-33: Building] INFO  o.e.m.c.i.e.AbstractTransferListenerAdapter - Downloaded https://repo.maven.apache.org/maven2/net/sf/jopt-simple/jopt-simple/5.0.4/jopt-simple-5.0.4.pom
2025-03-28 03:23:14,301 [Worker-33: Building] INFO  o.e.m.c.i.e.AbstractTransferListenerAdapter - Downloading https://repo.maven.apache.org/maven2/io/rest-assured/rest-assured/5.3.0/rest-assured-5.3.0.jar
2025-03-28 03:23:14,332 [Worker-33: Building] INFO  o.e.m.c.i.e.AbstractTransferListenerAdapter - Downloaded https://repo.maven.apache.org/maven2/io/rest-assured/rest-assured/5.3.0/rest-assured-5.3.0.jar
2025-03-28 03:23:14,344 [BasicRepositoryConnector-repo.maven.apache.org-1-2] INFO  o.e.m.c.i.e.AbstractTransferListenerAdapter - Downloading https://repo.maven.apache.org/maven2/io/rest-assured/json-path/5.3.0/json-path-5.3.0.jar
2025-03-28 03:23:14,348 [BasicRepositoryConnector-repo.maven.apache.org-1-2] INFO  o.e.m.c.i.e.AbstractTransferListenerAdapter - Downloaded https://repo.maven.apache.org/maven2/io/rest-assured/json-path/5.3.0/json-path-5.3.0.jar
2025-03-28 03:23:14,358 [BasicRepositoryConnector-repo.maven.apache.org-1-2] INFO  o.e.m.c.i.e.AbstractTransferListenerAdapter - Downloading https://repo.maven.apache.org/maven2/io/rest-assured/xml-path/5.3.0/xml-path-5.3.0.jar
2025-03-28 03:23:14,362 [BasicRepositoryConnector-repo.maven.apache.org-1-2] INFO  o.e.m.c.i.e.AbstractTransferListenerAdapter - Downloaded https://repo.maven.apache.org/maven2/io/rest-assured/xml-path/5.3.0/xml-path-5.3.0.jar
2025-03-28 03:23:14,364 [BasicRepositoryConnector-repo.maven.apache.org-1-0] INFO  o.e.m.c.i.e.AbstractTransferListenerAdapter - Downloading https://repo.maven.apache.org/maven2/org/apache/groovy/groovy/4.0.6/groovy-4.0.6.jar
2025-03-28 03:23:14,381 [BasicRepositoryConnector-repo.maven.apache.org-1-3] INFO  o.e.m.c.i.e.AbstractTransferListenerAdapter - Downloading https://repo.maven.apache.org/maven2/org/apache/groovy/groovy-json/4.0.6/groovy-json-4.0.6.jar
2025-03-28 03:23:14,381 [BasicRepositoryConnector-repo.maven.apache.org-1-2] INFO  o.e.m.c.i.e.AbstractTransferListenerAdapter - Downloading https://repo.maven.apache.org/maven2/org/apache/commons/commons-lang3/3.11/commons-lang3-3.11.jar
2025-03-28 03:23:14,381 [BasicRepositoryConnector-repo.maven.apache.org-1-4] INFO  o.e.m.c.i.e.AbstractTransferListenerAdapter - Downloading https://repo.maven.apache.org/maven2/io/rest-assured/rest-assured-common/5.3.0/rest-assured-common-5.3.0.jar
2025-03-28 03:23:14,382 [BasicRepositoryConnector-repo.maven.apache.org-1-1] INFO  o.e.m.c.i.e.AbstractTransferListenerAdapter - Downloading https://repo.maven.apache.org/maven2/org/apache/groovy/groovy-xml/4.0.6/groovy-xml-4.0.6.jar
2025-03-28 03:23:14,399 [BasicRepositoryConnector-repo.maven.apache.org-1-4] INFO  o.e.m.c.i.e.AbstractTransferListenerAdapter - Downloaded https://repo.maven.apache.org/maven2/io/rest-assured/rest-assured-common/5.3.0/rest-assured-common-5.3.0.jar
2025-03-28 03:23:14,400 [BasicRepositoryConnector-repo.maven.apache.org-1-2] INFO  o.e.m.c.i.e.AbstractTransferListenerAdapter - Downloaded https://repo.maven.apache.org/maven2/org/apache/commons/commons-lang3/3.11/commons-lang3-3.11.jar
2025-03-28 03:23:14,410 [BasicRepositoryConnector-repo.maven.apache.org-1-3] INFO  o.e.m.c.i.e.AbstractTransferListenerAdapter - Downloaded https://repo.maven.apache.org/maven2/org/apache/groovy/groovy-json/4.0.6/groovy-json-4.0.6.jar
2025-03-28 03:23:14,416 [BasicRepositoryConnector-repo.maven.apache.org-1-2] INFO  o.e.m.c.i.e.AbstractTransferListenerAdapter - Downloading https://repo.maven.apache.org/maven2/com/github/java-json-tools/json-schema-validator/2.2.14/json-schema-validator-2.2.14.jar
2025-03-28 03:23:14,417 [BasicRepositoryConnector-repo.maven.apache.org-1-4] INFO  o.e.m.c.i.e.AbstractTransferListenerAdapter - Downloading https://repo.maven.apache.org/maven2/io/rest-assured/json-schema-validator/5.3.0/json-schema-validator-5.3.0.jar
2025-03-28 03:23:14,418 [BasicRepositoryConnector-repo.maven.apache.org-1-1] INFO  o.e.m.c.i.e.AbstractTransferListenerAdapter - Downloaded https://repo.maven.apache.org/maven2/org/apache/groovy/groovy-xml/4.0.6/groovy-xml-4.0.6.jar
2025-03-28 03:23:14,424 [BasicRepositoryConnector-repo.maven.apache.org-1-4] INFO  o.e.m.c.i.e.AbstractTransferListenerAdapter - Downloaded https://repo.maven.apache.org/maven2/io/rest-assured/json-schema-validator/5.3.0/json-schema-validator-5.3.0.jar
2025-03-28 03:23:14,424 [BasicRepositoryConnector-repo.maven.apache.org-1-3] INFO  o.e.m.c.i.e.AbstractTransferListenerAdapter - Downloading https://repo.maven.apache.org/maven2/com/github/java-json-tools/jackson-coreutils-equivalence/1.0/jackson-coreutils-equivalence-1.0.jar
2025-03-28 03:23:14,427 [BasicRepositoryConnector-repo.maven.apache.org-1-3] INFO  o.e.m.c.i.e.AbstractTransferListenerAdapter - Downloaded https://repo.maven.apache.org/maven2/com/github/java-json-tools/jackson-coreutils-equivalence/1.0/jackson-coreutils-equivalence-1.0.jar
2025-03-28 03:23:14,438 [BasicRepositoryConnector-repo.maven.apache.org-1-2] INFO  o.e.m.c.i.e.AbstractTransferListenerAdapter - Downloaded https://repo.maven.apache.org/maven2/com/github/java-json-tools/json-schema-validator/2.2.14/json-schema-validator-2.2.14.jar
2025-03-28 03:23:14,445 [BasicRepositoryConnector-repo.maven.apache.org-1-3] INFO  o.e.m.c.i.e.AbstractTransferListenerAdapter - Downloading https://repo.maven.apache.org/maven2/com/fasterxml/jackson/core/jackson-core/2.11.0/jackson-core-2.11.0.jar
2025-03-28 03:23:14,446 [BasicRepositoryConnector-repo.maven.apache.org-1-1] INFO  o.e.m.c.i.e.AbstractTransferListenerAdapter - Downloading https://repo.maven.apache.org/maven2/com/fasterxml/jackson/core/jackson-databind/2.11.0/jackson-databind-2.11.0.jar
2025-03-28 03:23:14,448 [BasicRepositoryConnector-repo.maven.apache.org-1-4] INFO  o.e.m.c.i.e.AbstractTransferListenerAdapter - Downloading https://repo.maven.apache.org/maven2/com/fasterxml/jackson/core/jackson-annotations/2.11.0/jackson-annotations-2.11.0.jar
2025-03-28 03:23:14,452 [BasicRepositoryConnector-repo.maven.apache.org-1-4] INFO  o.e.m.c.i.e.AbstractTransferListenerAdapter - Downloaded https://repo.maven.apache.org/maven2/com/fasterxml/jackson/core/jackson-annotations/2.11.0/jackson-annotations-2.11.0.jar
2025-03-28 03:23:14,463 [BasicRepositoryConnector-repo.maven.apache.org-1-3] INFO  o.e.m.c.i.e.AbstractTransferListenerAdapter - Downloaded https://repo.maven.apache.org/maven2/com/fasterxml/jackson/core/jackson-core/2.11.0/jackson-core-2.11.0.jar
2025-03-28 03:23:14,469 [BasicRepositoryConnector-repo.maven.apache.org-1-2] INFO  o.e.m.c.i.e.AbstractTransferListenerAdapter - Downloading https://repo.maven.apache.org/maven2/com/github/java-json-tools/jackson-coreutils/2.0/jackson-coreutils-2.0.jar
2025-03-28 03:23:14,473 [BasicRepositoryConnector-repo.maven.apache.org-1-2] INFO  o.e.m.c.i.e.AbstractTransferListenerAdapter - Downloaded https://repo.maven.apache.org/maven2/com/github/java-json-tools/jackson-coreutils/2.0/jackson-coreutils-2.0.jar
2025-03-28 03:23:14,478 [BasicRepositoryConnector-repo.maven.apache.org-1-3] INFO  o.e.m.c.i.e.AbstractTransferListenerAdapter - Downloading https://repo.maven.apache.org/maven2/com/github/java-json-tools/btf/1.3/btf-1.3.jar
2025-03-28 03:23:14,481 [BasicRepositoryConnector-repo.maven.apache.org-1-4] INFO  o.e.m.c.i.e.AbstractTransferListenerAdapter - Downloading https://repo.maven.apache.org/maven2/com/github/java-json-tools/msg-simple/1.2/msg-simple-1.2.jar
2025-03-28 03:23:14,486 [BasicRepositoryConnector-repo.maven.apache.org-1-4] INFO  o.e.m.c.i.e.AbstractTransferListenerAdapter - Downloaded https://repo.maven.apache.org/maven2/com/github/java-json-tools/msg-simple/1.2/msg-simple-1.2.jar
2025-03-28 03:23:14,491 [BasicRepositoryConnector-repo.maven.apache.org-1-3] INFO  o.e.m.c.i.e.AbstractTransferListenerAdapter - Downloaded https://repo.maven.apache.org/maven2/com/github/java-json-tools/btf/1.3/btf-1.3.jar
2025-03-28 03:23:14,505 [BasicRepositoryConnector-repo.maven.apache.org-1-2] INFO  o.e.m.c.i.e.AbstractTransferListenerAdapter - Downloading https://repo.maven.apache.org/maven2/com/github/java-json-tools/json-schema-core/1.2.14/json-schema-core-1.2.14.jar
2025-03-28 03:23:14,513 [BasicRepositoryConnector-repo.maven.apache.org-1-2] INFO  o.e.m.c.i.e.AbstractTransferListenerAdapter - Downloaded https://repo.maven.apache.org/maven2/com/github/java-json-tools/json-schema-core/1.2.14/json-schema-core-1.2.14.jar
2025-03-28 03:23:14,529 [BasicRepositoryConnector-repo.maven.apache.org-1-3] INFO  o.e.m.c.i.e.AbstractTransferListenerAdapter - Downloading https://repo.maven.apache.org/maven2/org/mozilla/rhino/1.7.7.2/rhino-1.7.7.2.jar
2025-03-28 03:23:14,541 [BasicRepositoryConnector-repo.maven.apache.org-1-4] INFO  o.e.m.c.i.e.AbstractTransferListenerAdapter - Downloading https://repo.maven.apache.org/maven2/com/github/java-json-tools/uri-template/0.10/uri-template-0.10.jar
2025-03-28 03:23:14,547 [BasicRepositoryConnector-repo.maven.apache.org-1-4] INFO  o.e.m.c.i.e.AbstractTransferListenerAdapter - Downloaded https://repo.maven.apache.org/maven2/com/github/java-json-tools/uri-template/0.10/uri-template-0.10.jar
2025-03-28 03:23:14,554 [BasicRepositoryConnector-repo.maven.apache.org-1-2] INFO  o.e.m.c.i.e.AbstractTransferListenerAdapter - Downloading https://repo.maven.apache.org/maven2/com/sun/mail/mailapi/1.6.2/mailapi-1.6.2.jar
2025-03-28 03:23:14,586 [BasicRepositoryConnector-repo.maven.apache.org-1-4] INFO  o.e.m.c.i.e.AbstractTransferListenerAdapter - Downloading https://repo.maven.apache.org/maven2/joda-time/joda-time/2.10.5/joda-time-2.10.5.jar
2025-03-28 03:23:14,597 [BasicRepositoryConnector-repo.maven.apache.org-1-2] INFO  o.e.m.c.i.e.AbstractTransferListenerAdapter - Downloaded https://repo.maven.apache.org/maven2/com/sun/mail/mailapi/1.6.2/mailapi-1.6.2.jar
2025-03-28 03:23:14,598 [BasicRepositoryConnector-repo.maven.apache.org-1-3] INFO  o.e.m.c.i.e.AbstractTransferListenerAdapter - Downloaded https://repo.maven.apache.org/maven2/org/mozilla/rhino/1.7.7.2/rhino-1.7.7.2.jar
2025-03-28 03:23:14,629 [BasicRepositoryConnector-repo.maven.apache.org-1-3] INFO  o.e.m.c.i.e.AbstractTransferListenerAdapter - Downloading https://repo.maven.apache.org/maven2/net/sf/jopt-simple/jopt-simple/5.0.4/jopt-simple-5.0.4.jar
2025-03-28 03:23:14,629 [BasicRepositoryConnector-repo.maven.apache.org-1-2] INFO  o.e.m.c.i.e.AbstractTransferListenerAdapter - Downloading https://repo.maven.apache.org/maven2/com/googlecode/libphonenumber/libphonenumber/8.11.1/libphonenumber-8.11.1.jar
2025-03-28 03:23:14,634 [BasicRepositoryConnector-repo.maven.apache.org-1-3] INFO  o.e.m.c.i.e.AbstractTransferListenerAdapter - Downloaded https://repo.maven.apache.org/maven2/net/sf/jopt-simple/jopt-simple/5.0.4/jopt-simple-5.0.4.jar
2025-03-28 03:23:14,649 [BasicRepositoryConnector-repo.maven.apache.org-1-2] INFO  o.e.m.c.i.e.AbstractTransferListenerAdapter - Downloaded https://repo.maven.apache.org/maven2/com/googlecode/libphonenumber/libphonenumber/8.11.1/libphonenumber-8.11.1.jar
2025-03-28 03:23:14,662 [BasicRepositoryConnector-repo.maven.apache.org-1-4] INFO  o.e.m.c.i.e.AbstractTransferListenerAdapter - Downloaded https://repo.maven.apache.org/maven2/joda-time/joda-time/2.10.5/joda-time-2.10.5.jar
2025-03-28 03:23:14,718 [BasicRepositoryConnector-repo.maven.apache.org-1-0] INFO  o.e.m.c.i.e.AbstractTransferListenerAdapter - Downloaded https://repo.maven.apache.org/maven2/org/apache/groovy/groovy/4.0.6/groovy-4.0.6.jar
2025-03-28 03:23:14,718 [BasicRepositoryConnector-repo.maven.apache.org-1-1] INFO  o.e.m.c.i.e.AbstractTransferListenerAdapter - Downloaded https://repo.maven.apache.org/maven2/com/fasterxml/jackson/core/jackson-databind/2.11.0/jackson-databind-2.11.0.jar
2025-03-28 03:23:15,453 [Worker-33: Building] INFO  o.a.m.s.f.DefaultMavenResourcesFiltering - skip non existing resourceDirectory C:\Users\deepa\Desktop\Rajni Verma\comprehensiveProject\com.assignment\src\main\resources
2025-03-28 03:23:15,455 [Worker-33: Building] INFO  o.a.m.s.f.DefaultMavenResourcesFiltering - skip non existing resourceDirectory C:\Users\deepa\Desktop\Rajni Verma\comprehensiveProject\com.assignment\src\test\resources
2025-03-28 03:23:16,023 [Worker-52: Download sources and javadoc] INFO  o.e.m.c.i.e.AbstractTransferListenerAdapter - Downloading https://repo.maven.apache.org/maven2/io/rest-assured/rest-assured/5.3.0/rest-assured-5.3.0-sources.jar
2025-03-28 03:23:16,055 [Worker-52: Download sources and javadoc] INFO  o.e.m.c.i.e.AbstractTransferListenerAdapter - Downloaded https://repo.maven.apache.org/maven2/io/rest-assured/rest-assured/5.3.0/rest-assured-5.3.0-sources.jar
2025-03-28 03:23:16,064 [Worker-52: Download sources and javadoc] INFO  o.e.m.j.internal.DownloadSourcesJob - Downloaded sources for io.rest-assured:rest-assured:5.3.0
2025-03-28 03:23:16,099 [Worker-52: Download sources and javadoc] INFO  o.e.m.c.i.e.AbstractTransferListenerAdapter - Downloading https://repo.maven.apache.org/maven2/org/apache/groovy/groovy/4.0.6/groovy-4.0.6-sources.jar
2025-03-28 03:23:16,224 [Worker-52: Download sources and javadoc] INFO  o.e.m.c.i.e.AbstractTransferListenerAdapter - Downloaded https://repo.maven.apache.org/maven2/org/apache/groovy/groovy/4.0.6/groovy-4.0.6-sources.jar
2025-03-28 03:23:16,244 [Worker-52: Download sources and javadoc] INFO  o.e.m.j.internal.DownloadSourcesJob - Downloaded sources for org.apache.groovy:groovy:4.0.6
2025-03-28 03:23:16,291 [Worker-52: Download sources and javadoc] INFO  o.e.m.c.i.e.AbstractTransferListenerAdapter - Downloading https://repo.maven.apache.org/maven2/org/apache/groovy/groovy-xml/4.0.6/groovy-xml-4.0.6-sources.jar
2025-03-28 03:23:16,326 [Worker-52: Download sources and javadoc] INFO  o.e.m.c.i.e.AbstractTransferListenerAdapter - Downloaded https://repo.maven.apache.org/maven2/org/apache/groovy/groovy-xml/4.0.6/groovy-xml-4.0.6-sources.jar
2025-03-28 03:23:16,346 [Worker-52: Download sources and javadoc] INFO  o.e.m.j.internal.DownloadSourcesJob - Downloaded sources for org.apache.groovy:groovy-xml:4.0.6
2025-03-28 03:23:16,389 [Worker-52: Download sources and javadoc] INFO  o.e.m.c.i.e.AbstractTransferListenerAdapter - Downloading https://repo.maven.apache.org/maven2/io/rest-assured/json-path/5.3.0/json-path-5.3.0-sources.jar
2025-03-28 03:23:16,402 [Worker-52: Download sources and javadoc] INFO  o.e.m.c.i.e.AbstractTransferListenerAdapter - Downloaded https://repo.maven.apache.org/maven2/io/rest-assured/json-path/5.3.0/json-path-5.3.0-sources.jar
2025-03-28 03:23:16,409 [Worker-52: Download sources and javadoc] INFO  o.e.m.j.internal.DownloadSourcesJob - Downloaded sources for io.rest-assured:json-path:5.3.0
2025-03-28 03:23:16,447 [Worker-52: Download sources and javadoc] INFO  o.e.m.c.i.e.AbstractTransferListenerAdapter - Downloading https://repo.maven.apache.org/maven2/org/apache/groovy/groovy-json/4.0.6/groovy-json-4.0.6-sources.jar
2025-03-28 03:23:16,472 [Worker-52: Download sources and javadoc] INFO  o.e.m.c.i.e.AbstractTransferListenerAdapter - Downloaded https://repo.maven.apache.org/maven2/org/apache/groovy/groovy-json/4.0.6/groovy-json-4.0.6-sources.jar
2025-03-28 03:23:16,488 [Worker-52: Download sources and javadoc] INFO  o.e.m.j.internal.DownloadSourcesJob - Downloaded sources for org.apache.groovy:groovy-json:4.0.6
2025-03-28 03:23:16,552 [Worker-52: Download sources and javadoc] INFO  o.e.m.c.i.e.AbstractTransferListenerAdapter - Downloading https://repo.maven.apache.org/maven2/io/rest-assured/rest-assured-common/5.3.0/rest-assured-common-5.3.0-sources.jar
2025-03-28 03:23:16,558 [Worker-52: Download sources and javadoc] INFO  o.e.m.c.i.e.AbstractTransferListenerAdapter - Downloaded https://repo.maven.apache.org/maven2/io/rest-assured/rest-assured-common/5.3.0/rest-assured-common-5.3.0-sources.jar
2025-03-28 03:23:16,589 [Worker-52: Download sources and javadoc] INFO  o.e.m.j.internal.DownloadSourcesJob - Downloaded sources for io.rest-assured:rest-assured-common:5.3.0
2025-03-28 03:23:16,663 [Worker-52: Download sources and javadoc] INFO  o.e.m.c.i.e.AbstractTransferListenerAdapter - Downloading https://repo.maven.apache.org/maven2/io/rest-assured/xml-path/5.3.0/xml-path-5.3.0-sources.jar
2025-03-28 03:23:16,674 [Worker-52: Download sources and javadoc] INFO  o.e.m.c.i.e.AbstractTransferListenerAdapter - Downloaded https://repo.maven.apache.org/maven2/io/rest-assured/xml-path/5.3.0/xml-path-5.3.0-sources.jar
2025-03-28 03:23:16,679 [Worker-52: Download sources and javadoc] INFO  o.e.m.j.internal.DownloadSourcesJob - Downloaded sources for io.rest-assured:xml-path:5.3.0
2025-03-28 03:23:16,722 [Worker-52: Download sources and javadoc] INFO  o.e.m.c.i.e.AbstractTransferListenerAdapter - Downloading https://repo.maven.apache.org/maven2/org/apache/commons/commons-lang3/3.11/commons-lang3-3.11-sources.jar
2025-03-28 03:23:16,780 [Worker-52: Download sources and javadoc] INFO  o.e.m.c.i.e.AbstractTransferListenerAdapter - Downloaded https://repo.maven.apache.org/maven2/org/apache/commons/commons-lang3/3.11/commons-lang3-3.11-sources.jar
2025-03-28 03:23:16,786 [Worker-52: Download sources and javadoc] INFO  o.e.m.j.internal.DownloadSourcesJob - Downloaded sources for org.apache.commons:commons-lang3:3.11
2025-03-28 03:23:16,840 [Worker-52: Download sources and javadoc] INFO  o.e.m.c.i.e.AbstractTransferListenerAdapter - Downloading https://repo.maven.apache.org/maven2/io/rest-assured/json-schema-validator/5.3.0/json-schema-validator-5.3.0-sources.jar
2025-03-28 03:23:16,876 [Worker-52: Download sources and javadoc] INFO  o.e.m.c.i.e.AbstractTransferListenerAdapter - Downloaded https://repo.maven.apache.org/maven2/io/rest-assured/json-schema-validator/5.3.0/json-schema-validator-5.3.0-sources.jar
2025-03-28 03:23:16,905 [Worker-52: Download sources and javadoc] INFO  o.e.m.j.internal.DownloadSourcesJob - Downloaded sources for io.rest-assured:json-schema-validator:5.3.0
2025-03-28 03:23:17,287 [Worker-52: Download sources and javadoc] INFO  o.e.m.c.i.e.AbstractTransferListenerAdapter - Downloading https://repo.maven.apache.org/maven2/com/github/java-json-tools/json-schema-validator/2.2.14/json-schema-validator-2.2.14-sources.jar
2025-03-28 03:23:17,414 [Worker-52: Download sources and javadoc] INFO  o.e.m.c.i.e.AbstractTransferListenerAdapter - Downloaded https://repo.maven.apache.org/maven2/com/github/java-json-tools/json-schema-validator/2.2.14/json-schema-validator-2.2.14-sources.jar
2025-03-28 03:23:17,418 [Worker-52: Download sources and javadoc] INFO  o.e.m.j.internal.DownloadSourcesJob - Downloaded sources for com.github.java-json-tools:json-schema-validator:2.2.14
2025-03-28 03:23:17,451 [Worker-52: Download sources and javadoc] INFO  o.e.m.c.i.e.AbstractTransferListenerAdapter - Downloading https://repo.maven.apache.org/maven2/com/github/java-json-tools/jackson-coreutils-equivalence/1.0/jackson-coreutils-equivalence-1.0-sources.jar
2025-03-28 03:23:17,455 [Worker-52: Download sources and javadoc] INFO  o.e.m.c.i.e.AbstractTransferListenerAdapter - Downloaded https://repo.maven.apache.org/maven2/com/github/java-json-tools/jackson-coreutils-equivalence/1.0/jackson-coreutils-equivalence-1.0-sources.jar
2025-03-28 03:23:17,459 [Worker-52: Download sources and javadoc] INFO  o.e.m.j.internal.DownloadSourcesJob - Downloaded sources for com.github.java-json-tools:jackson-coreutils-equivalence:1.0
2025-03-28 03:23:17,495 [Worker-52: Download sources and javadoc] INFO  o.e.m.c.i.e.AbstractTransferListenerAdapter - Downloading https://repo.maven.apache.org/maven2/com/fasterxml/jackson/core/jackson-databind/2.11.0/jackson-databind-2.11.0-sources.jar
2025-03-28 03:23:17,542 [Worker-52: Download sources and javadoc] INFO  o.e.m.c.i.e.AbstractTransferListenerAdapter - Downloaded https://repo.maven.apache.org/maven2/com/fasterxml/jackson/core/jackson-databind/2.11.0/jackson-databind-2.11.0-sources.jar
2025-03-28 03:23:17,548 [Worker-52: Download sources and javadoc] INFO  o.e.m.j.internal.DownloadSourcesJob - Downloaded sources for com.fasterxml.jackson.core:jackson-databind:2.11.0
2025-03-28 03:23:17,583 [Worker-52: Download sources and javadoc] INFO  o.e.m.c.i.e.AbstractTransferListenerAdapter - Downloading https://repo.maven.apache.org/maven2/com/fasterxml/jackson/core/jackson-annotations/2.11.0/jackson-annotations-2.11.0-sources.jar
2025-03-28 03:23:17,597 [Worker-52: Download sources and javadoc] INFO  o.e.m.c.i.e.AbstractTransferListenerAdapter - Downloaded https://repo.maven.apache.org/maven2/com/fasterxml/jackson/core/jackson-annotations/2.11.0/jackson-annotations-2.11.0-sources.jar
2025-03-28 03:23:17,605 [Worker-52: Download sources and javadoc] INFO  o.e.m.j.internal.DownloadSourcesJob - Downloaded sources for com.fasterxml.jackson.core:jackson-annotations:2.11.0
2025-03-28 03:23:17,638 [Worker-52: Download sources and javadoc] INFO  o.e.m.c.i.e.AbstractTransferListenerAdapter - Downloading https://repo.maven.apache.org/maven2/com/fasterxml/jackson/core/jackson-core/2.11.0/jackson-core-2.11.0-sources.jar
2025-03-28 03:23:17,668 [Worker-52: Download sources and javadoc] INFO  o.e.m.c.i.e.AbstractTransferListenerAdapter - Downloaded https://repo.maven.apache.org/maven2/com/fasterxml/jackson/core/jackson-core/2.11.0/jackson-core-2.11.0-sources.jar
2025-03-28 03:23:17,675 [Worker-52: Download sources and javadoc] INFO  o.e.m.j.internal.DownloadSourcesJob - Downloaded sources for com.fasterxml.jackson.core:jackson-core:2.11.0
2025-03-28 03:23:17,702 [Worker-52: Download sources and javadoc] INFO  o.e.m.c.i.e.AbstractTransferListenerAdapter - Downloading https://repo.maven.apache.org/maven2/com/github/java-json-tools/jackson-coreutils/2.0/jackson-coreutils-2.0-sources.jar
2025-03-28 03:23:17,715 [Worker-52: Download sources and javadoc] INFO  o.e.m.c.i.e.AbstractTransferListenerAdapter - Downloaded https://repo.maven.apache.org/maven2/com/github/java-json-tools/jackson-coreutils/2.0/jackson-coreutils-2.0-sources.jar
2025-03-28 03:23:17,720 [Worker-52: Download sources and javadoc] INFO  o.e.m.j.internal.DownloadSourcesJob - Downloaded sources for com.github.java-json-tools:jackson-coreutils:2.0
2025-03-28 03:23:17,753 [Worker-52: Download sources and javadoc] INFO  o.e.m.c.i.e.AbstractTransferListenerAdapter - Downloading https://repo.maven.apache.org/maven2/com/github/java-json-tools/msg-simple/1.2/msg-simple-1.2-sources.jar
2025-03-28 03:23:17,757 [Worker-52: Download sources and javadoc] INFO  o.e.m.c.i.e.AbstractTransferListenerAdapter - Downloaded https://repo.maven.apache.org/maven2/com/github/java-json-tools/msg-simple/1.2/msg-simple-1.2-sources.jar
2025-03-28 03:23:17,768 [Worker-52: Download sources and javadoc] INFO  o.e.m.j.internal.DownloadSourcesJob - Downloaded sources for com.github.java-json-tools:msg-simple:1.2
2025-03-28 03:23:17,798 [Worker-52: Download sources and javadoc] INFO  o.e.m.c.i.e.AbstractTransferListenerAdapter - Downloading https://repo.maven.apache.org/maven2/com/github/java-json-tools/btf/1.3/btf-1.3-sources.jar
2025-03-28 03:23:17,803 [Worker-52: Download sources and javadoc] INFO  o.e.m.c.i.e.AbstractTransferListenerAdapter - Downloaded https://repo.maven.apache.org/maven2/com/github/java-json-tools/btf/1.3/btf-1.3-sources.jar
2025-03-28 03:23:17,819 [Worker-52: Download sources and javadoc] INFO  o.e.m.j.internal.DownloadSourcesJob - Downloaded sources for com.github.java-json-tools:btf:1.3
2025-03-28 03:23:17,868 [Worker-52: Download sources and javadoc] INFO  o.e.m.c.i.e.AbstractTransferListenerAdapter - Downloading https://repo.maven.apache.org/maven2/com/github/java-json-tools/json-schema-core/1.2.14/json-schema-core-1.2.14-sources.jar
2025-03-28 03:23:17,906 [Worker-52: Download sources and javadoc] INFO  o.e.m.c.i.e.AbstractTransferListenerAdapter - Downloaded https://repo.maven.apache.org/maven2/com/github/java-json-tools/json-schema-core/1.2.14/json-schema-core-1.2.14-sources.jar
2025-03-28 03:23:17,928 [Worker-52: Download sources and javadoc] INFO  o.e.m.j.internal.DownloadSourcesJob - Downloaded sources for com.github.java-json-tools:json-schema-core:1.2.14
2025-03-28 03:23:17,970 [Worker-52: Download sources and javadoc] INFO  o.e.m.c.i.e.AbstractTransferListenerAdapter - Downloading https://repo.maven.apache.org/maven2/com/github/java-json-tools/uri-template/0.10/uri-template-0.10-sources.jar
2025-03-28 03:23:17,977 [Worker-52: Download sources and javadoc] INFO  o.e.m.c.i.e.AbstractTransferListenerAdapter - Downloaded https://repo.maven.apache.org/maven2/com/github/java-json-tools/uri-template/0.10/uri-template-0.10-sources.jar
2025-03-28 03:23:17,997 [Worker-52: Download sources and javadoc] INFO  o.e.m.j.internal.DownloadSourcesJob - Downloaded sources for com.github.java-json-tools:uri-template:0.10
2025-03-28 03:23:18,042 [Worker-52: Download sources and javadoc] INFO  o.e.m.c.i.e.AbstractTransferListenerAdapter - Downloading https://repo.maven.apache.org/maven2/org/mozilla/rhino/1.7.7.2/rhino-1.7.7.2-sources.jar
2025-03-28 03:23:18,121 [Worker-52: Download sources and javadoc] INFO  o.e.m.c.i.e.AbstractTransferListenerAdapter - Downloaded https://repo.maven.apache.org/maven2/org/mozilla/rhino/1.7.7.2/rhino-1.7.7.2-sources.jar
2025-03-28 03:23:18,138 [Worker-52: Download sources and javadoc] INFO  o.e.m.j.internal.DownloadSourcesJob - Downloaded sources for org.mozilla:rhino:1.7.7.2
2025-03-28 03:23:18,175 [Worker-52: Download sources and javadoc] INFO  o.e.m.c.i.e.AbstractTransferListenerAdapter - Downloading https://repo.maven.apache.org/maven2/com/sun/mail/mailapi/1.6.2/mailapi-1.6.2-sources.jar
2025-03-28 03:23:18,204 [Worker-52: Download sources and javadoc] INFO  o.e.m.c.i.e.AbstractTransferListenerAdapter - Downloaded https://repo.maven.apache.org/maven2/com/sun/mail/mailapi/1.6.2/mailapi-1.6.2-sources.jar
2025-03-28 03:23:18,216 [Worker-52: Download sources and javadoc] INFO  o.e.m.j.internal.DownloadSourcesJob - Downloaded sources for com.sun.mail:mailapi:1.6.2
2025-03-28 03:23:18,426 [Worker-52: Download sources and javadoc] INFO  o.e.m.c.i.e.AbstractTransferListenerAdapter - Downloading https://repo.maven.apache.org/maven2/joda-time/joda-time/2.10.5/joda-time-2.10.5-sources.jar
2025-03-28 03:23:18,485 [Worker-52: Download sources and javadoc] INFO  o.e.m.c.i.e.AbstractTransferListenerAdapter - Downloaded https://repo.maven.apache.org/maven2/joda-time/joda-time/2.10.5/joda-time-2.10.5-sources.jar
2025-03-28 03:23:18,490 [Worker-52: Download sources and javadoc] INFO  o.e.m.j.internal.DownloadSourcesJob - Downloaded sources for joda-time:joda-time:2.10.5
2025-03-28 03:23:18,574 [Worker-52: Download sources and javadoc] INFO  o.e.m.c.i.e.AbstractTransferListenerAdapter - Downloading https://repo.maven.apache.org/maven2/com/googlecode/libphonenumber/libphonenumber/8.11.1/libphonenumber-8.11.1-sources.jar
2025-03-28 03:23:18,588 [Worker-52: Download sources and javadoc] INFO  o.e.m.c.i.e.AbstractTransferListenerAdapter - Downloaded https://repo.maven.apache.org/maven2/com/googlecode/libphonenumber/libphonenumber/8.11.1/libphonenumber-8.11.1-sources.jar
2025-03-28 03:23:18,593 [Worker-52: Download sources and javadoc] INFO  o.e.m.j.internal.DownloadSourcesJob - Downloaded sources for com.googlecode.libphonenumber:libphonenumber:8.11.1
2025-03-28 03:23:18,630 [Worker-52: Download sources and javadoc] INFO  o.e.m.c.i.e.AbstractTransferListenerAdapter - Downloading https://repo.maven.apache.org/maven2/net/sf/jopt-simple/jopt-simple/5.0.4/jopt-simple-5.0.4-sources.jar
2025-03-28 03:23:18,653 [Worker-52: Download sources and javadoc] INFO  o.e.m.c.i.e.AbstractTransferListenerAdapter - Downloaded https://repo.maven.apache.org/maven2/net/sf/jopt-simple/jopt-simple/5.0.4/jopt-simple-5.0.4-sources.jar
2025-03-28 03:23:18,657 [Worker-52: Download sources and javadoc] INFO  o.e.m.j.internal.DownloadSourcesJob - Downloaded sources for net.sf.jopt-simple:jopt-simple:5.0.4
2025-03-28 03:26:04,001 [Worker-33: Building] INFO  o.e.m.c.i.l.LifecycleMappingFactory - Using org.eclipse.m2e.jdt.JarLifecycleMapping lifecycle mapping for MavenProject: com.comprehensive:com.assignment:0.0.1-SNAPSHOT @ C:\Users\deepa\Desktop\Rajni Verma\comprehensiveProject\com.assignment\pom.xml.
2025-03-28 03:26:04,513 [Worker-33: Building] INFO  o.e.m.c.i.e.AbstractTransferListenerAdapter - Downloading https://repo.maven.apache.org/maven2/io/github/bonigarcia/webdrivermanager/5.3.2/webdrivermanager-5.3.2.pom
2025-03-28 03:26:04,519 [Worker-33: Building] INFO  o.e.m.c.i.e.AbstractTransferListenerAdapter - Downloaded https://repo.maven.apache.org/maven2/io/github/bonigarcia/webdrivermanager/5.3.2/webdrivermanager-5.3.2.pom
2025-03-28 03:26:04,542 [Worker-33: Building] INFO  o.e.m.c.i.e.AbstractTransferListenerAdapter - Downloading https://repo.maven.apache.org/maven2/org/slf4j/slf4j-api/2.0.6/slf4j-api-2.0.6.pom
2025-03-28 03:26:04,545 [Worker-33: Building] INFO  o.e.m.c.i.e.AbstractTransferListenerAdapter - Downloaded https://repo.maven.apache.org/maven2/org/slf4j/slf4j-api/2.0.6/slf4j-api-2.0.6.pom
2025-03-28 03:26:04,576 [Worker-33: Building] INFO  o.e.m.c.i.e.AbstractTransferListenerAdapter - Downloading https://repo.maven.apache.org/maven2/org/slf4j/slf4j-parent/2.0.6/slf4j-parent-2.0.6.pom
2025-03-28 03:26:04,578 [Worker-33: Building] INFO  o.e.m.c.i.e.AbstractTransferListenerAdapter - Downloaded https://repo.maven.apache.org/maven2/org/slf4j/slf4j-parent/2.0.6/slf4j-parent-2.0.6.pom
2025-03-28 03:26:04,603 [Worker-33: Building] INFO  o.e.m.c.i.e.AbstractTransferListenerAdapter - Downloading https://repo.maven.apache.org/maven2/com/google/code/gson/gson/2.10.1/gson-2.10.1.pom
2025-03-28 03:26:04,607 [Worker-33: Building] INFO  o.e.m.c.i.e.AbstractTransferListenerAdapter - Downloaded https://repo.maven.apache.org/maven2/com/google/code/gson/gson/2.10.1/gson-2.10.1.pom
2025-03-28 03:26:04,627 [Worker-33: Building] INFO  o.e.m.c.i.e.AbstractTransferListenerAdapter - Downloading https://repo.maven.apache.org/maven2/com/google/code/gson/gson-parent/2.10.1/gson-parent-2.10.1.pom
2025-03-28 03:26:04,631 [Worker-33: Building] INFO  o.e.m.c.i.e.AbstractTransferListenerAdapter - Downloaded https://repo.maven.apache.org/maven2/com/google/code/gson/gson-parent/2.10.1/gson-parent-2.10.1.pom
2025-03-28 03:26:04,652 [Worker-33: Building] INFO  o.e.m.c.i.e.AbstractTransferListenerAdapter - Downloading https://repo.maven.apache.org/maven2/com/github/docker-java/docker-java/3.2.14/docker-java-3.2.14.pom
2025-03-28 03:26:04,657 [Worker-33: Building] INFO  o.e.m.c.i.e.AbstractTransferListenerAdapter - Downloaded https://repo.maven.apache.org/maven2/com/github/docker-java/docker-java/3.2.14/docker-java-3.2.14.pom
2025-03-28 03:26:04,680 [Worker-33: Building] INFO  o.e.m.c.i.e.AbstractTransferListenerAdapter - Downloading https://repo.maven.apache.org/maven2/com/github/docker-java/docker-java-parent/3.2.14/docker-java-parent-3.2.14.pom
2025-03-28 03:26:04,683 [Worker-33: Building] INFO  o.e.m.c.i.e.AbstractTransferListenerAdapter - Downloaded https://repo.maven.apache.org/maven2/com/github/docker-java/docker-java-parent/3.2.14/docker-java-parent-3.2.14.pom
2025-03-28 03:26:04,704 [Worker-33: Building] INFO  o.e.m.c.i.e.AbstractTransferListenerAdapter - Downloading https://repo.maven.apache.org/maven2/com/github/docker-java/docker-java-core/3.2.14/docker-java-core-3.2.14.pom
2025-03-28 03:26:04,710 [Worker-33: Building] INFO  o.e.m.c.i.e.AbstractTransferListenerAdapter - Downloaded https://repo.maven.apache.org/maven2/com/github/docker-java/docker-java-core/3.2.14/docker-java-core-3.2.14.pom
2025-03-28 03:26:04,726 [Worker-33: Building] INFO  o.e.m.c.i.e.AbstractTransferListenerAdapter - Downloading https://repo.maven.apache.org/maven2/com/github/docker-java/docker-java-api/3.2.14/docker-java-api-3.2.14.pom
2025-03-28 03:26:04,727 [Worker-33: Building] INFO  o.e.m.c.i.e.AbstractTransferListenerAdapter - Downloaded https://repo.maven.apache.org/maven2/com/github/docker-java/docker-java-api/3.2.14/docker-java-api-3.2.14.pom
2025-03-28 03:26:04,781 [Worker-33: Building] INFO  o.e.m.c.i.e.AbstractTransferListenerAdapter - Downloading https://repo.maven.apache.org/maven2/com/github/docker-java/docker-java-transport/3.2.14/docker-java-transport-3.2.14.pom
2025-03-28 03:26:04,785 [Worker-33: Building] INFO  o.e.m.c.i.e.AbstractTransferListenerAdapter - Downloaded https://repo.maven.apache.org/maven2/com/github/docker-java/docker-java-transport/3.2.14/docker-java-transport-3.2.14.pom
2025-03-28 03:26:04,930 [Worker-33: Building] INFO  o.e.m.c.i.e.AbstractTransferListenerAdapter - Downloading https://repo.maven.apache.org/maven2/com/github/docker-java/docker-java-transport-httpclient5/3.2.14/docker-java-transport-httpclient5-3.2.14.pom
2025-03-28 03:26:04,933 [Worker-33: Building] INFO  o.e.m.c.i.e.AbstractTransferListenerAdapter - Downloaded https://repo.maven.apache.org/maven2/com/github/docker-java/docker-java-transport-httpclient5/3.2.14/docker-java-transport-httpclient5-3.2.14.pom
2025-03-28 03:26:05,094 [Worker-33: Building] INFO  o.e.m.c.i.e.AbstractTransferListenerAdapter - Downloading https://repo.maven.apache.org/maven2/net/java/dev/jna/jna/5.12.1/jna-5.12.1.pom
2025-03-28 03:26:05,097 [Worker-33: Building] INFO  o.e.m.c.i.e.AbstractTransferListenerAdapter - Downloaded https://repo.maven.apache.org/maven2/net/java/dev/jna/jna/5.12.1/jna-5.12.1.pom
2025-03-28 03:26:05,156 [Worker-33: Building] INFO  o.e.m.c.i.e.AbstractTransferListenerAdapter - Downloading https://repo.maven.apache.org/maven2/org/apache/httpcomponents/client5/httpclient5/5.2.1/httpclient5-5.2.1.pom
2025-03-28 03:26:05,159 [Worker-33: Building] INFO  o.e.m.c.i.e.AbstractTransferListenerAdapter - Downloaded https://repo.maven.apache.org/maven2/org/apache/httpcomponents/client5/httpclient5/5.2.1/httpclient5-5.2.1.pom
2025-03-28 03:26:05,183 [Worker-33: Building] INFO  o.e.m.c.i.e.AbstractTransferListenerAdapter - Downloading https://repo.maven.apache.org/maven2/org/apache/httpcomponents/client5/httpclient5-parent/5.2.1/httpclient5-parent-5.2.1.pom
2025-03-28 03:26:05,187 [Worker-33: Building] INFO  o.e.m.c.i.e.AbstractTransferListenerAdapter - Downloaded https://repo.maven.apache.org/maven2/org/apache/httpcomponents/client5/httpclient5-parent/5.2.1/httpclient5-parent-5.2.1.pom
2025-03-28 03:26:05,210 [Worker-33: Building] INFO  o.e.m.c.i.e.AbstractTransferListenerAdapter - Downloading https://repo.maven.apache.org/maven2/org/apache/httpcomponents/httpcomponents-parent/13/httpcomponents-parent-13.pom
2025-03-28 03:26:05,213 [Worker-33: Building] INFO  o.e.m.c.i.e.AbstractTransferListenerAdapter - Downloaded https://repo.maven.apache.org/maven2/org/apache/httpcomponents/httpcomponents-parent/13/httpcomponents-parent-13.pom
2025-03-28 03:26:05,240 [Worker-33: Building] INFO  o.e.m.c.i.e.AbstractTransferListenerAdapter - Downloading https://repo.maven.apache.org/maven2/org/apache/httpcomponents/core5/httpcore5/5.2/httpcore5-5.2.pom
2025-03-28 03:26:05,244 [Worker-33: Building] INFO  o.e.m.c.i.e.AbstractTransferListenerAdapter - Downloaded https://repo.maven.apache.org/maven2/org/apache/httpcomponents/core5/httpcore5/5.2/httpcore5-5.2.pom
2025-03-28 03:26:05,265 [Worker-33: Building] INFO  o.e.m.c.i.e.AbstractTransferListenerAdapter - Downloading https://repo.maven.apache.org/maven2/org/apache/httpcomponents/core5/httpcore5-parent/5.2/httpcore5-parent-5.2.pom
2025-03-28 03:26:05,269 [Worker-33: Building] INFO  o.e.m.c.i.e.AbstractTransferListenerAdapter - Downloaded https://repo.maven.apache.org/maven2/org/apache/httpcomponents/core5/httpcore5-parent/5.2/httpcore5-parent-5.2.pom
2025-03-28 03:26:05,295 [Worker-33: Building] INFO  o.e.m.c.i.e.AbstractTransferListenerAdapter - Downloading https://repo.maven.apache.org/maven2/org/apache/httpcomponents/core5/httpcore5-h2/5.2/httpcore5-h2-5.2.pom
2025-03-28 03:26:05,298 [Worker-33: Building] INFO  o.e.m.c.i.e.AbstractTransferListenerAdapter - Downloaded https://repo.maven.apache.org/maven2/org/apache/httpcomponents/core5/httpcore5-h2/5.2/httpcore5-h2-5.2.pom
2025-03-28 03:26:05,325 [Worker-33: Building] INFO  o.e.m.c.i.e.AbstractTransferListenerAdapter - Downloading https://repo.maven.apache.org/maven2/io/cucumber/cucumber-java/7.13.0/cucumber-java-7.13.0.pom
2025-03-28 03:26:05,329 [Worker-33: Building] INFO  o.e.m.c.i.e.AbstractTransferListenerAdapter - Downloaded https://repo.maven.apache.org/maven2/io/cucumber/cucumber-java/7.13.0/cucumber-java-7.13.0.pom
2025-03-28 03:26:05,352 [Worker-33: Building] INFO  o.e.m.c.i.e.AbstractTransferListenerAdapter - Downloading https://repo.maven.apache.org/maven2/io/cucumber/cucumber-jvm/7.13.0/cucumber-jvm-7.13.0.pom
2025-03-28 03:26:05,356 [Worker-33: Building] INFO  o.e.m.c.i.e.AbstractTransferListenerAdapter - Downloaded https://repo.maven.apache.org/maven2/io/cucumber/cucumber-jvm/7.13.0/cucumber-jvm-7.13.0.pom
2025-03-28 03:26:05,381 [Worker-33: Building] INFO  o.e.m.c.i.e.AbstractTransferListenerAdapter - Downloading https://repo.maven.apache.org/maven2/io/cucumber/cucumber-parent/4.1.1/cucumber-parent-4.1.1.pom
2025-03-28 03:26:05,385 [Worker-33: Building] INFO  o.e.m.c.i.e.AbstractTransferListenerAdapter - Downloaded https://repo.maven.apache.org/maven2/io/cucumber/cucumber-parent/4.1.1/cucumber-parent-4.1.1.pom
2025-03-28 03:26:05,413 [Worker-33: Building] INFO  o.e.m.c.i.e.AbstractTransferListenerAdapter - Downloading https://repo.maven.apache.org/maven2/io/cucumber/cucumber-bom/7.13.0/cucumber-bom-7.13.0.pom
2025-03-28 03:26:05,416 [Worker-33: Building] INFO  o.e.m.c.i.e.AbstractTransferListenerAdapter - Downloaded https://repo.maven.apache.org/maven2/io/cucumber/cucumber-bom/7.13.0/cucumber-bom-7.13.0.pom
2025-03-28 03:26:05,436 [Worker-33: Building] INFO  o.e.m.c.i.e.AbstractTransferListenerAdapter - Downloading https://repo.maven.apache.org/maven2/org/junit/junit-bom/5.9.3/junit-bom-5.9.3.pom
2025-03-28 03:26:05,439 [Worker-33: Building] INFO  o.e.m.c.i.e.AbstractTransferListenerAdapter - Downloaded https://repo.maven.apache.org/maven2/org/junit/junit-bom/5.9.3/junit-bom-5.9.3.pom
2025-03-28 03:26:05,456 [Worker-33: Building] INFO  o.e.m.c.i.e.AbstractTransferListenerAdapter - Downloading https://repo.maven.apache.org/maven2/com/fasterxml/jackson/jackson-bom/2.15.2/jackson-bom-2.15.2.pom
2025-03-28 03:26:05,460 [Worker-33: Building] INFO  o.e.m.c.i.e.AbstractTransferListenerAdapter - Downloaded https://repo.maven.apache.org/maven2/com/fasterxml/jackson/jackson-bom/2.15.2/jackson-bom-2.15.2.pom
2025-03-28 03:26:05,477 [Worker-33: Building] INFO  o.e.m.c.i.e.AbstractTransferListenerAdapter - Downloading https://repo.maven.apache.org/maven2/com/fasterxml/jackson/jackson-parent/2.15/jackson-parent-2.15.pom
2025-03-28 03:26:05,480 [Worker-33: Building] INFO  o.e.m.c.i.e.AbstractTransferListenerAdapter - Downloaded https://repo.maven.apache.org/maven2/com/fasterxml/jackson/jackson-parent/2.15/jackson-parent-2.15.pom
2025-03-28 03:26:05,497 [Worker-33: Building] INFO  o.e.m.c.i.e.AbstractTransferListenerAdapter - Downloading https://repo.maven.apache.org/maven2/com/fasterxml/oss-parent/50/oss-parent-50.pom
2025-03-28 03:26:05,500 [Worker-33: Building] INFO  o.e.m.c.i.e.AbstractTransferListenerAdapter - Downloaded https://repo.maven.apache.org/maven2/com/fasterxml/oss-parent/50/oss-parent-50.pom
2025-03-28 03:26:05,521 [Worker-33: Building] INFO  o.e.m.c.i.e.AbstractTransferListenerAdapter - Downloading https://repo.maven.apache.org/maven2/io/cucumber/cucumber-core/7.13.0/cucumber-core-7.13.0.pom
2025-03-28 03:26:05,523 [Worker-33: Building] INFO  o.e.m.c.i.e.AbstractTransferListenerAdapter - Downloaded https://repo.maven.apache.org/maven2/io/cucumber/cucumber-core/7.13.0/cucumber-core-7.13.0.pom
2025-03-28 03:26:05,543 [Worker-33: Building] INFO  o.e.m.c.i.e.AbstractTransferListenerAdapter - Downloading https://repo.maven.apache.org/maven2/io/cucumber/cucumber-gherkin/7.13.0/cucumber-gherkin-7.13.0.pom
2025-03-28 03:26:05,546 [Worker-33: Building] INFO  o.e.m.c.i.e.AbstractTransferListenerAdapter - Downloaded https://repo.maven.apache.org/maven2/io/cucumber/cucumber-gherkin/7.13.0/cucumber-gherkin-7.13.0.pom
2025-03-28 03:26:05,571 [Worker-33: Building] INFO  o.e.m.c.i.e.AbstractTransferListenerAdapter - Downloading https://repo.maven.apache.org/maven2/io/cucumber/cucumber-plugin/7.13.0/cucumber-plugin-7.13.0.pom
2025-03-28 03:26:05,573 [Worker-33: Building] INFO  o.e.m.c.i.e.AbstractTransferListenerAdapter - Downloaded https://repo.maven.apache.org/maven2/io/cucumber/cucumber-plugin/7.13.0/cucumber-plugin-7.13.0.pom
2025-03-28 03:26:05,605 [Worker-33: Building] INFO  o.e.m.c.i.e.AbstractTransferListenerAdapter - Downloading https://repo.maven.apache.org/maven2/io/cucumber/cucumber-gherkin-messages/7.13.0/cucumber-gherkin-messages-7.13.0.pom
2025-03-28 03:26:05,608 [Worker-33: Building] INFO  o.e.m.c.i.e.AbstractTransferListenerAdapter - Downloaded https://repo.maven.apache.org/maven2/io/cucumber/cucumber-gherkin-messages/7.13.0/cucumber-gherkin-messages-7.13.0.pom
2025-03-28 03:26:05,626 [Worker-33: Building] INFO  o.e.m.c.i.e.AbstractTransferListenerAdapter - Downloading https://repo.maven.apache.org/maven2/io/cucumber/gherkin/26.2.0/gherkin-26.2.0.pom
2025-03-28 03:26:05,629 [Worker-33: Building] INFO  o.e.m.c.i.e.AbstractTransferListenerAdapter - Downloaded https://repo.maven.apache.org/maven2/io/cucumber/gherkin/26.2.0/gherkin-26.2.0.pom
2025-03-28 03:26:05,651 [Worker-33: Building] INFO  o.e.m.c.i.e.AbstractTransferListenerAdapter - Downloading https://repo.maven.apache.org/maven2/com/fasterxml/jackson/jackson-bom/2.14.2/jackson-bom-2.14.2.pom
2025-03-28 03:26:05,654 [Worker-33: Building] INFO  o.e.m.c.i.e.AbstractTransferListenerAdapter - Downloaded https://repo.maven.apache.org/maven2/com/fasterxml/jackson/jackson-bom/2.14.2/jackson-bom-2.14.2.pom
2025-03-28 03:26:05,673 [Worker-33: Building] INFO  o.e.m.c.i.e.AbstractTransferListenerAdapter - Downloading https://repo.maven.apache.org/maven2/com/fasterxml/jackson/jackson-parent/2.14/jackson-parent-2.14.pom
2025-03-28 03:26:05,677 [Worker-33: Building] INFO  o.e.m.c.i.e.AbstractTransferListenerAdapter - Downloaded https://repo.maven.apache.org/maven2/com/fasterxml/jackson/jackson-parent/2.14/jackson-parent-2.14.pom
2025-03-28 03:26:05,698 [Worker-33: Building] INFO  o.e.m.c.i.e.AbstractTransferListenerAdapter - Downloading https://repo.maven.apache.org/maven2/com/fasterxml/oss-parent/48/oss-parent-48.pom
2025-03-28 03:26:05,700 [Worker-33: Building] INFO  o.e.m.c.i.e.AbstractTransferListenerAdapter - Downloaded https://repo.maven.apache.org/maven2/com/fasterxml/oss-parent/48/oss-parent-48.pom
2025-03-28 03:26:05,744 [Worker-33: Building] INFO  o.e.m.c.i.e.AbstractTransferListenerAdapter - Downloading https://repo.maven.apache.org/maven2/io/cucumber/messages/maven-metadata.xml
2025-03-28 03:26:05,750 [Worker-33: Building] INFO  o.e.m.c.i.e.AbstractTransferListenerAdapter - Downloaded https://repo.maven.apache.org/maven2/io/cucumber/messages/maven-metadata.xml
2025-03-28 03:26:05,767 [Worker-33: Building] INFO  o.e.m.c.i.e.AbstractTransferListenerAdapter - Downloading https://repo.maven.apache.org/maven2/io/cucumber/messages/19.1.4/messages-19.1.4.pom
2025-03-28 03:26:05,771 [Worker-33: Building] INFO  o.e.m.c.i.e.AbstractTransferListenerAdapter - Downloaded https://repo.maven.apache.org/maven2/io/cucumber/messages/19.1.4/messages-19.1.4.pom
2025-03-28 03:26:05,789 [Worker-33: Building] INFO  o.e.m.c.i.e.AbstractTransferListenerAdapter - Downloading https://repo.maven.apache.org/maven2/io/cucumber/cucumber-parent/3.0.0/cucumber-parent-3.0.0.pom
2025-03-28 03:26:05,795 [Worker-33: Building] INFO  o.e.m.c.i.e.AbstractTransferListenerAdapter - Downloaded https://repo.maven.apache.org/maven2/io/cucumber/cucumber-parent/3.0.0/cucumber-parent-3.0.0.pom
2025-03-28 03:26:05,814 [Worker-33: Building] INFO  o.e.m.c.i.e.AbstractTransferListenerAdapter - Downloading https://repo.maven.apache.org/maven2/com/fasterxml/jackson/jackson-bom/2.13.4/jackson-bom-2.13.4.pom
2025-03-28 03:26:05,818 [Worker-33: Building] INFO  o.e.m.c.i.e.AbstractTransferListenerAdapter - Downloaded https://repo.maven.apache.org/maven2/com/fasterxml/jackson/jackson-bom/2.13.4/jackson-bom-2.13.4.pom
2025-03-28 03:26:05,869 [Worker-33: Building] INFO  o.e.m.c.i.e.AbstractTransferListenerAdapter - Downloading https://repo.maven.apache.org/maven2/io/cucumber/messages/20.0.0/messages-20.0.0.pom
2025-03-28 03:26:05,872 [Worker-33: Building] INFO  o.e.m.c.i.e.AbstractTransferListenerAdapter - Downloaded https://repo.maven.apache.org/maven2/io/cucumber/messages/20.0.0/messages-20.0.0.pom
2025-03-28 03:26:05,904 [Worker-33: Building] INFO  o.e.m.c.i.e.AbstractTransferListenerAdapter - Downloading https://repo.maven.apache.org/maven2/com/fasterxml/jackson/jackson-bom/2.14.0/jackson-bom-2.14.0.pom
2025-03-28 03:26:05,907 [Worker-33: Building] INFO  o.e.m.c.i.e.AbstractTransferListenerAdapter - Downloaded https://repo.maven.apache.org/maven2/com/fasterxml/jackson/jackson-bom/2.14.0/jackson-bom-2.14.0.pom
2025-03-28 03:26:05,929 [Worker-33: Building] INFO  o.e.m.c.i.e.AbstractTransferListenerAdapter - Downloading https://repo.maven.apache.org/maven2/io/cucumber/messages/21.0.1/messages-21.0.1.pom
2025-03-28 03:26:05,932 [Worker-33: Building] INFO  o.e.m.c.i.e.AbstractTransferListenerAdapter - Downloaded https://repo.maven.apache.org/maven2/io/cucumber/messages/21.0.1/messages-21.0.1.pom
2025-03-28 03:26:05,955 [Worker-33: Building] INFO  o.e.m.c.i.e.AbstractTransferListenerAdapter - Downloading https://repo.maven.apache.org/maven2/com/fasterxml/jackson/jackson-bom/2.14.1/jackson-bom-2.14.1.pom
2025-03-28 03:26:05,957 [Worker-33: Building] INFO  o.e.m.c.i.e.AbstractTransferListenerAdapter - Downloaded https://repo.maven.apache.org/maven2/com/fasterxml/jackson/jackson-bom/2.14.1/jackson-bom-2.14.1.pom
2025-03-28 03:26:05,976 [Worker-33: Building] INFO  o.e.m.c.i.e.AbstractTransferListenerAdapter - Downloading https://repo.maven.apache.org/maven2/io/cucumber/messages/22.0.0/messages-22.0.0.pom
2025-03-28 03:26:05,978 [Worker-33: Building] INFO  o.e.m.c.i.e.AbstractTransferListenerAdapter - Downloaded https://repo.maven.apache.org/maven2/io/cucumber/messages/22.0.0/messages-22.0.0.pom
2025-03-28 03:26:05,996 [Worker-33: Building] INFO  o.e.m.c.i.e.AbstractTransferListenerAdapter - Downloading https://repo.maven.apache.org/maven2/io/cucumber/tag-expressions/5.0.1/tag-expressions-5.0.1.pom
2025-03-28 03:26:05,999 [Worker-33: Building] INFO  o.e.m.c.i.e.AbstractTransferListenerAdapter - Downloaded https://repo.maven.apache.org/maven2/io/cucumber/tag-expressions/5.0.1/tag-expressions-5.0.1.pom
2025-03-28 03:26:06,021 [Worker-33: Building] INFO  o.e.m.c.i.e.AbstractTransferListenerAdapter - Downloading https://repo.maven.apache.org/maven2/io/cucumber/cucumber-expressions/16.1.2/cucumber-expressions-16.1.2.pom
2025-03-28 03:26:06,025 [Worker-33: Building] INFO  o.e.m.c.i.e.AbstractTransferListenerAdapter - Downloaded https://repo.maven.apache.org/maven2/io/cucumber/cucumber-expressions/16.1.2/cucumber-expressions-16.1.2.pom
2025-03-28 03:26:06,049 [Worker-33: Building] INFO  o.e.m.c.i.e.AbstractTransferListenerAdapter - Downloading https://repo.maven.apache.org/maven2/io/cucumber/datatable/7.13.0/datatable-7.13.0.pom
2025-03-28 03:26:06,051 [Worker-33: Building] INFO  o.e.m.c.i.e.AbstractTransferListenerAdapter - Downloaded https://repo.maven.apache.org/maven2/io/cucumber/datatable/7.13.0/datatable-7.13.0.pom
2025-03-28 03:26:06,070 [Worker-33: Building] INFO  o.e.m.c.i.e.AbstractTransferListenerAdapter - Downloading https://repo.maven.apache.org/maven2/io/cucumber/docstring/7.13.0/docstring-7.13.0.pom
2025-03-28 03:26:06,072 [Worker-33: Building] INFO  o.e.m.c.i.e.AbstractTransferListenerAdapter - Downloaded https://repo.maven.apache.org/maven2/io/cucumber/docstring/7.13.0/docstring-7.13.0.pom
2025-03-28 03:26:06,099 [Worker-33: Building] INFO  o.e.m.c.i.e.AbstractTransferListenerAdapter - Downloading https://repo.maven.apache.org/maven2/io/cucumber/html-formatter/20.3.1/html-formatter-20.3.1.pom
2025-03-28 03:26:06,103 [Worker-33: Building] INFO  o.e.m.c.i.e.AbstractTransferListenerAdapter - Downloaded https://repo.maven.apache.org/maven2/io/cucumber/html-formatter/20.3.1/html-formatter-20.3.1.pom
2025-03-28 03:26:06,126 [Worker-33: Building] INFO  o.e.m.c.i.e.AbstractTransferListenerAdapter - Downloading https://repo.maven.apache.org/maven2/io/cucumber/messages/18.0.0/messages-18.0.0.pom
2025-03-28 03:26:06,128 [Worker-33: Building] INFO  o.e.m.c.i.e.AbstractTransferListenerAdapter - Downloaded https://repo.maven.apache.org/maven2/io/cucumber/messages/18.0.0/messages-18.0.0.pom
2025-03-28 03:26:06,151 [Worker-33: Building] INFO  o.e.m.c.i.e.AbstractTransferListenerAdapter - Downloading https://repo.maven.apache.org/maven2/io/cucumber/cucumber-parent/2.3.2/cucumber-parent-2.3.2.pom
2025-03-28 03:26:06,156 [Worker-33: Building] INFO  o.e.m.c.i.e.AbstractTransferListenerAdapter - Downloaded https://repo.maven.apache.org/maven2/io/cucumber/cucumber-parent/2.3.2/cucumber-parent-2.3.2.pom
2025-03-28 03:26:06,192 [Worker-33: Building] INFO  o.e.m.c.i.e.AbstractTransferListenerAdapter - Downloading https://repo.maven.apache.org/maven2/com/fasterxml/jackson/jackson-bom/2.13.2/jackson-bom-2.13.2.pom
2025-03-28 03:26:06,195 [Worker-33: Building] INFO  o.e.m.c.i.e.AbstractTransferListenerAdapter - Downloaded https://repo.maven.apache.org/maven2/com/fasterxml/jackson/jackson-bom/2.13.2/jackson-bom-2.13.2.pom
2025-03-28 03:26:06,214 [Worker-33: Building] INFO  o.e.m.c.i.e.AbstractTransferListenerAdapter - Downloading https://repo.maven.apache.org/maven2/io/cucumber/messages/19.0.0/messages-19.0.0.pom
2025-03-28 03:26:06,218 [Worker-33: Building] INFO  o.e.m.c.i.e.AbstractTransferListenerAdapter - Downloaded https://repo.maven.apache.org/maven2/io/cucumber/messages/19.0.0/messages-19.0.0.pom
2025-03-28 03:26:06,237 [Worker-33: Building] INFO  o.e.m.c.i.e.AbstractTransferListenerAdapter - Downloading https://repo.maven.apache.org/maven2/com/fasterxml/jackson/jackson-bom/2.13.3/jackson-bom-2.13.3.pom
2025-03-28 03:26:06,241 [Worker-33: Building] INFO  o.e.m.c.i.e.AbstractTransferListenerAdapter - Downloaded https://repo.maven.apache.org/maven2/com/fasterxml/jackson/jackson-bom/2.13.3/jackson-bom-2.13.3.pom
2025-03-28 03:26:06,265 [Worker-33: Building] INFO  o.e.m.c.i.e.AbstractTransferListenerAdapter - Downloading https://repo.maven.apache.org/maven2/io/cucumber/messages/19.1.0/messages-19.1.0.pom
2025-03-28 03:26:06,267 [Worker-33: Building] INFO  o.e.m.c.i.e.AbstractTransferListenerAdapter - Downloaded https://repo.maven.apache.org/maven2/io/cucumber/messages/19.1.0/messages-19.1.0.pom
2025-03-28 03:26:06,286 [Worker-33: Building] INFO  o.e.m.c.i.e.AbstractTransferListenerAdapter - Downloading https://repo.maven.apache.org/maven2/io/cucumber/messages/19.1.1/messages-19.1.1.pom
2025-03-28 03:26:06,289 [Worker-33: Building] INFO  o.e.m.c.i.e.AbstractTransferListenerAdapter - Downloaded https://repo.maven.apache.org/maven2/io/cucumber/messages/19.1.1/messages-19.1.1.pom
2025-03-28 03:26:06,309 [Worker-33: Building] INFO  o.e.m.c.i.e.AbstractTransferListenerAdapter - Downloading https://repo.maven.apache.org/maven2/io/cucumber/messages/19.1.2/messages-19.1.2.pom
2025-03-28 03:26:06,312 [Worker-33: Building] INFO  o.e.m.c.i.e.AbstractTransferListenerAdapter - Downloaded https://repo.maven.apache.org/maven2/io/cucumber/messages/19.1.2/messages-19.1.2.pom
2025-03-28 03:26:06,329 [Worker-33: Building] INFO  o.e.m.c.i.e.AbstractTransferListenerAdapter - Downloading https://repo.maven.apache.org/maven2/io/cucumber/messages/19.1.3/messages-19.1.3.pom
2025-03-28 03:26:06,332 [Worker-33: Building] INFO  o.e.m.c.i.e.AbstractTransferListenerAdapter - Downloaded https://repo.maven.apache.org/maven2/io/cucumber/messages/19.1.3/messages-19.1.3.pom
2025-03-28 03:26:06,359 [Worker-33: Building] INFO  o.e.m.c.i.e.AbstractTransferListenerAdapter - Downloading https://repo.maven.apache.org/maven2/org/junit/junit-bom/5.9.0/junit-bom-5.9.0.pom
2025-03-28 03:26:06,362 [Worker-33: Building] INFO  o.e.m.c.i.e.AbstractTransferListenerAdapter - Downloaded https://repo.maven.apache.org/maven2/org/junit/junit-bom/5.9.0/junit-bom-5.9.0.pom
2025-03-28 03:26:06,379 [Worker-33: Building] INFO  o.e.m.c.i.e.AbstractTransferListenerAdapter - Downloading https://repo.maven.apache.org/maven2/io/cucumber/junit-xml-formatter/0.2.0/junit-xml-formatter-0.2.0.pom
2025-03-28 03:26:06,382 [Worker-33: Building] INFO  o.e.m.c.i.e.AbstractTransferListenerAdapter - Downloaded https://repo.maven.apache.org/maven2/io/cucumber/junit-xml-formatter/0.2.0/junit-xml-formatter-0.2.0.pom
2025-03-28 03:26:06,404 [Worker-33: Building] INFO  o.e.m.c.i.e.AbstractTransferListenerAdapter - Downloading https://repo.maven.apache.org/maven2/io/cucumber/ci-environment/9.2.0/ci-environment-9.2.0.pom
2025-03-28 03:26:06,406 [Worker-33: Building] INFO  o.e.m.c.i.e.AbstractTransferListenerAdapter - Downloaded https://repo.maven.apache.org/maven2/io/cucumber/ci-environment/9.2.0/ci-environment-9.2.0.pom
2025-03-28 03:26:06,431 [Worker-33: Building] INFO  o.e.m.c.i.e.AbstractTransferListenerAdapter - Downloading https://repo.maven.apache.org/maven2/com/fasterxml/jackson/jackson-bom/2.15.0/jackson-bom-2.15.0.pom
2025-03-28 03:26:06,433 [Worker-33: Building] INFO  o.e.m.c.i.e.AbstractTransferListenerAdapter - Downloaded https://repo.maven.apache.org/maven2/com/fasterxml/jackson/jackson-bom/2.15.0/jackson-bom-2.15.0.pom
2025-03-28 03:26:06,459 [Worker-33: Building] INFO  o.e.m.c.i.e.AbstractTransferListenerAdapter - Downloading https://repo.maven.apache.org/maven2/io/cucumber/cucumber-testng/7.13.0/cucumber-testng-7.13.0.pom
2025-03-28 03:26:06,462 [Worker-33: Building] INFO  o.e.m.c.i.e.AbstractTransferListenerAdapter - Downloaded https://repo.maven.apache.org/maven2/io/cucumber/cucumber-testng/7.13.0/cucumber-testng-7.13.0.pom
2025-03-28 03:26:06,482 [Worker-33: Building] INFO  o.e.m.c.i.e.AbstractTransferListenerAdapter - Downloading https://repo.maven.apache.org/maven2/org/testng/testng/7.8.0/testng-7.8.0.pom
2025-03-28 03:26:06,517 [Worker-33: Building] INFO  o.e.m.c.i.e.AbstractTransferListenerAdapter - Downloaded https://repo.maven.apache.org/maven2/org/testng/testng/7.8.0/testng-7.8.0.pom
2025-03-28 03:26:06,645 [Worker-33: Building] INFO  o.e.m.c.i.e.AbstractTransferListenerAdapter - Downloading https://repo.maven.apache.org/maven2/io/github/bonigarcia/webdrivermanager/5.3.2/webdrivermanager-5.3.2.jar
2025-03-28 03:26:06,688 [Worker-33: Building] INFO  o.e.m.c.i.e.AbstractTransferListenerAdapter - Downloaded https://repo.maven.apache.org/maven2/io/github/bonigarcia/webdrivermanager/5.3.2/webdrivermanager-5.3.2.jar
2025-03-28 03:26:06,707 [BasicRepositoryConnector-repo.maven.apache.org-2-0] INFO  o.e.m.c.i.e.AbstractTransferListenerAdapter - Downloading https://repo.maven.apache.org/maven2/com/google/code/gson/gson/2.10.1/gson-2.10.1.jar
2025-03-28 03:26:06,712 [BasicRepositoryConnector-repo.maven.apache.org-2-0] INFO  o.e.m.c.i.e.AbstractTransferListenerAdapter - Downloaded https://repo.maven.apache.org/maven2/com/google/code/gson/gson/2.10.1/gson-2.10.1.jar
2025-03-28 03:26:06,721 [BasicRepositoryConnector-repo.maven.apache.org-2-0] INFO  o.e.m.c.i.e.AbstractTransferListenerAdapter - Downloading https://repo.maven.apache.org/maven2/com/github/docker-java/docker-java-transport/3.2.14/docker-java-transport-3.2.14.jar
2025-03-28 03:26:06,725 [BasicRepositoryConnector-repo.maven.apache.org-2-0] INFO  o.e.m.c.i.e.AbstractTransferListenerAdapter - Downloaded https://repo.maven.apache.org/maven2/com/github/docker-java/docker-java-transport/3.2.14/docker-java-transport-3.2.14.jar
2025-03-28 03:26:06,734 [BasicRepositoryConnector-repo.maven.apache.org-2-3] INFO  o.e.m.c.i.e.AbstractTransferListenerAdapter - Downloading https://repo.maven.apache.org/maven2/com/github/docker-java/docker-java-api/3.2.14/docker-java-api-3.2.14.jar
2025-03-28 03:26:06,734 [BasicRepositoryConnector-repo.maven.apache.org-2-2] INFO  o.e.m.c.i.e.AbstractTransferListenerAdapter - Downloading https://repo.maven.apache.org/maven2/com/github/docker-java/docker-java-core/3.2.14/docker-java-core-3.2.14.jar
2025-03-28 03:26:06,735 [BasicRepositoryConnector-repo.maven.apache.org-2-0] INFO  o.e.m.c.i.e.AbstractTransferListenerAdapter - Downloading https://repo.maven.apache.org/maven2/net/java/dev/jna/jna/5.12.1/jna-5.12.1.jar
2025-03-28 03:26:06,735 [BasicRepositoryConnector-repo.maven.apache.org-2-1] INFO  o.e.m.c.i.e.AbstractTransferListenerAdapter - Downloading https://repo.maven.apache.org/maven2/com/github/docker-java/docker-java/3.2.14/docker-java-3.2.14.jar
2025-03-28 03:26:06,735 [BasicRepositoryConnector-repo.maven.apache.org-2-4] INFO  o.e.m.c.i.e.AbstractTransferListenerAdapter - Downloading https://repo.maven.apache.org/maven2/com/github/docker-java/docker-java-transport-httpclient5/3.2.14/docker-java-transport-httpclient5-3.2.14.jar
2025-03-28 03:26:06,742 [BasicRepositoryConnector-repo.maven.apache.org-2-4] INFO  o.e.m.c.i.e.AbstractTransferListenerAdapter - Downloaded https://repo.maven.apache.org/maven2/com/github/docker-java/docker-java-transport-httpclient5/3.2.14/docker-java-transport-httpclient5-3.2.14.jar
2025-03-28 03:26:06,743 [BasicRepositoryConnector-repo.maven.apache.org-2-1] INFO  o.e.m.c.i.e.AbstractTransferListenerAdapter - Downloaded https://repo.maven.apache.org/maven2/com/github/docker-java/docker-java/3.2.14/docker-java-3.2.14.jar
2025-03-28 03:26:06,775 [BasicRepositoryConnector-repo.maven.apache.org-2-1] INFO  o.e.m.c.i.e.AbstractTransferListenerAdapter - Downloading https://repo.maven.apache.org/maven2/org/apache/httpcomponents/core5/httpcore5/5.2/httpcore5-5.2.jar
2025-03-28 03:26:06,847 [BasicRepositoryConnector-repo.maven.apache.org-2-0] INFO  o.e.m.c.i.e.AbstractTransferListenerAdapter - Downloaded https://repo.maven.apache.org/maven2/net/java/dev/jna/jna/5.12.1/jna-5.12.1.jar
2025-03-28 03:26:06,864 [BasicRepositoryConnector-repo.maven.apache.org-2-0] INFO  o.e.m.c.i.e.AbstractTransferListenerAdapter - Downloading https://repo.maven.apache.org/maven2/org/apache/httpcomponents/core5/httpcore5-h2/5.2/httpcore5-h2-5.2.jar
2025-03-28 03:26:06,871 [BasicRepositoryConnector-repo.maven.apache.org-2-0] INFO  o.e.m.c.i.e.AbstractTransferListenerAdapter - Downloaded https://repo.maven.apache.org/maven2/org/apache/httpcomponents/core5/httpcore5-h2/5.2/httpcore5-h2-5.2.jar
2025-03-28 03:26:06,874 [BasicRepositoryConnector-repo.maven.apache.org-2-3] INFO  o.e.m.c.i.e.AbstractTransferListenerAdapter - Downloaded https://repo.maven.apache.org/maven2/com/github/docker-java/docker-java-api/3.2.14/docker-java-api-3.2.14.jar
2025-03-28 03:26:06,883 [BasicRepositoryConnector-repo.maven.apache.org-2-0] INFO  o.e.m.c.i.e.AbstractTransferListenerAdapter - Downloading https://repo.maven.apache.org/maven2/io/cucumber/cucumber-java/7.13.0/cucumber-java-7.13.0.jar
2025-03-28 03:26:06,885 [BasicRepositoryConnector-repo.maven.apache.org-2-3] INFO  o.e.m.c.i.e.AbstractTransferListenerAdapter - Downloading https://repo.maven.apache.org/maven2/io/cucumber/cucumber-core/7.13.0/cucumber-core-7.13.0.jar
2025-03-28 03:26:06,938 [BasicRepositoryConnector-repo.maven.apache.org-2-0] INFO  o.e.m.c.i.e.AbstractTransferListenerAdapter - Downloaded https://repo.maven.apache.org/maven2/io/cucumber/cucumber-java/7.13.0/cucumber-java-7.13.0.jar
2025-03-28 03:26:06,947 [BasicRepositoryConnector-repo.maven.apache.org-2-0] INFO  o.e.m.c.i.e.AbstractTransferListenerAdapter - Downloading https://repo.maven.apache.org/maven2/io/cucumber/cucumber-gherkin/7.13.0/cucumber-gherkin-7.13.0.jar
2025-03-28 03:26:06,951 [BasicRepositoryConnector-repo.maven.apache.org-2-0] INFO  o.e.m.c.i.e.AbstractTransferListenerAdapter - Downloaded https://repo.maven.apache.org/maven2/io/cucumber/cucumber-gherkin/7.13.0/cucumber-gherkin-7.13.0.jar
2025-03-28 03:26:06,968 [BasicRepositoryConnector-repo.maven.apache.org-2-0] INFO  o.e.m.c.i.e.AbstractTransferListenerAdapter - Downloading https://repo.maven.apache.org/maven2/io/cucumber/cucumber-gherkin-messages/7.13.0/cucumber-gherkin-messages-7.13.0.jar
2025-03-28 03:26:06,968 [BasicRepositoryConnector-repo.maven.apache.org-2-4] INFO  o.e.m.c.i.e.AbstractTransferListenerAdapter - Downloading https://repo.maven.apache.org/maven2/org/apache/httpcomponents/client5/httpclient5/5.2.1/httpclient5-5.2.1.jar
2025-03-28 03:26:06,972 [BasicRepositoryConnector-repo.maven.apache.org-2-0] INFO  o.e.m.c.i.e.AbstractTransferListenerAdapter - Downloaded https://repo.maven.apache.org/maven2/io/cucumber/cucumber-gherkin-messages/7.13.0/cucumber-gherkin-messages-7.13.0.jar
2025-03-28 03:26:06,988 [BasicRepositoryConnector-repo.maven.apache.org-2-0] INFO  o.e.m.c.i.e.AbstractTransferListenerAdapter - Downloading https://repo.maven.apache.org/maven2/io/cucumber/gherkin/26.2.0/gherkin-26.2.0.jar
2025-03-28 03:26:06,993 [BasicRepositoryConnector-repo.maven.apache.org-2-0] INFO  o.e.m.c.i.e.AbstractTransferListenerAdapter - Downloaded https://repo.maven.apache.org/maven2/io/cucumber/gherkin/26.2.0/gherkin-26.2.0.jar
2025-03-28 03:26:07,006 [BasicRepositoryConnector-repo.maven.apache.org-2-0] INFO  o.e.m.c.i.e.AbstractTransferListenerAdapter - Downloading https://repo.maven.apache.org/maven2/io/cucumber/messages/22.0.0/messages-22.0.0.jar
2025-03-28 03:26:07,018 [BasicRepositoryConnector-repo.maven.apache.org-2-1] INFO  o.e.m.c.i.e.AbstractTransferListenerAdapter - Downloaded https://repo.maven.apache.org/maven2/org/apache/httpcomponents/core5/httpcore5/5.2/httpcore5-5.2.jar
2025-03-28 03:26:07,020 [BasicRepositoryConnector-repo.maven.apache.org-2-0] INFO  o.e.m.c.i.e.AbstractTransferListenerAdapter - Downloaded https://repo.maven.apache.org/maven2/io/cucumber/messages/22.0.0/messages-22.0.0.jar
2025-03-28 03:26:07,029 [BasicRepositoryConnector-repo.maven.apache.org-2-0] INFO  o.e.m.c.i.e.AbstractTransferListenerAdapter - Downloading https://repo.maven.apache.org/maven2/io/cucumber/cucumber-expressions/16.1.2/cucumber-expressions-16.1.2.jar
2025-03-28 03:26:07,031 [BasicRepositoryConnector-repo.maven.apache.org-2-4] INFO  o.e.m.c.i.e.AbstractTransferListenerAdapter - Downloaded https://repo.maven.apache.org/maven2/org/apache/httpcomponents/client5/httpclient5/5.2.1/httpclient5-5.2.1.jar
2025-03-28 03:26:07,034 [BasicRepositoryConnector-repo.maven.apache.org-2-1] INFO  o.e.m.c.i.e.AbstractTransferListenerAdapter - Downloading https://repo.maven.apache.org/maven2/io/cucumber/tag-expressions/5.0.1/tag-expressions-5.0.1.jar
2025-03-28 03:26:07,037 [BasicRepositoryConnector-repo.maven.apache.org-2-1] INFO  o.e.m.c.i.e.AbstractTransferListenerAdapter - Downloaded https://repo.maven.apache.org/maven2/io/cucumber/tag-expressions/5.0.1/tag-expressions-5.0.1.jar
2025-03-28 03:26:07,041 [BasicRepositoryConnector-repo.maven.apache.org-2-3] INFO  o.e.m.c.i.e.AbstractTransferListenerAdapter - Downloaded https://repo.maven.apache.org/maven2/io/cucumber/cucumber-core/7.13.0/cucumber-core-7.13.0.jar
2025-03-28 03:26:07,047 [BasicRepositoryConnector-repo.maven.apache.org-2-0] INFO  o.e.m.c.i.e.AbstractTransferListenerAdapter - Downloaded https://repo.maven.apache.org/maven2/io/cucumber/cucumber-expressions/16.1.2/cucumber-expressions-16.1.2.jar
2025-03-28 03:26:07,047 [BasicRepositoryConnector-repo.maven.apache.org-2-4] INFO  o.e.m.c.i.e.AbstractTransferListenerAdapter - Downloading https://repo.maven.apache.org/maven2/io/cucumber/datatable/7.13.0/datatable-7.13.0.jar
2025-03-28 03:26:07,051 [BasicRepositoryConnector-repo.maven.apache.org-2-4] INFO  o.e.m.c.i.e.AbstractTransferListenerAdapter - Downloaded https://repo.maven.apache.org/maven2/io/cucumber/datatable/7.13.0/datatable-7.13.0.jar
2025-03-28 03:26:07,061 [BasicRepositoryConnector-repo.maven.apache.org-2-1] INFO  o.e.m.c.i.e.AbstractTransferListenerAdapter - Downloading https://repo.maven.apache.org/maven2/io/cucumber/cucumber-plugin/7.13.0/cucumber-plugin-7.13.0.jar
2025-03-28 03:26:07,067 [BasicRepositoryConnector-repo.maven.apache.org-2-1] INFO  o.e.m.c.i.e.AbstractTransferListenerAdapter - Downloaded https://repo.maven.apache.org/maven2/io/cucumber/cucumber-plugin/7.13.0/cucumber-plugin-7.13.0.jar
2025-03-28 03:26:07,070 [BasicRepositoryConnector-repo.maven.apache.org-2-3] INFO  o.e.m.c.i.e.AbstractTransferListenerAdapter - Downloading https://repo.maven.apache.org/maven2/io/cucumber/docstring/7.13.0/docstring-7.13.0.jar
2025-03-28 03:26:07,072 [BasicRepositoryConnector-repo.maven.apache.org-2-0] INFO  o.e.m.c.i.e.AbstractTransferListenerAdapter - Downloading https://repo.maven.apache.org/maven2/io/cucumber/html-formatter/20.3.1/html-formatter-20.3.1.jar
2025-03-28 03:26:07,074 [BasicRepositoryConnector-repo.maven.apache.org-2-3] INFO  o.e.m.c.i.e.AbstractTransferListenerAdapter - Downloaded https://repo.maven.apache.org/maven2/io/cucumber/docstring/7.13.0/docstring-7.13.0.jar
2025-03-28 03:26:07,076 [BasicRepositoryConnector-repo.maven.apache.org-2-4] INFO  o.e.m.c.i.e.AbstractTransferListenerAdapter - Downloading https://repo.maven.apache.org/maven2/io/cucumber/junit-xml-formatter/0.2.0/junit-xml-formatter-0.2.0.jar
2025-03-28 03:26:07,078 [BasicRepositoryConnector-repo.maven.apache.org-2-1] INFO  o.e.m.c.i.e.AbstractTransferListenerAdapter - Downloading https://repo.maven.apache.org/maven2/io/cucumber/ci-environment/9.2.0/ci-environment-9.2.0.jar
2025-03-28 03:26:07,081 [BasicRepositoryConnector-repo.maven.apache.org-2-4] INFO  o.e.m.c.i.e.AbstractTransferListenerAdapter - Downloaded https://repo.maven.apache.org/maven2/io/cucumber/junit-xml-formatter/0.2.0/junit-xml-formatter-0.2.0.jar
2025-03-28 03:26:07,082 [BasicRepositoryConnector-repo.maven.apache.org-2-1] INFO  o.e.m.c.i.e.AbstractTransferListenerAdapter - Downloaded https://repo.maven.apache.org/maven2/io/cucumber/ci-environment/9.2.0/ci-environment-9.2.0.jar
2025-03-28 03:26:07,084 [BasicRepositoryConnector-repo.maven.apache.org-2-3] INFO  o.e.m.c.i.e.AbstractTransferListenerAdapter - Downloading https://repo.maven.apache.org/maven2/io/cucumber/cucumber-testng/7.13.0/cucumber-testng-7.13.0.jar
2025-03-28 03:26:07,088 [BasicRepositoryConnector-repo.maven.apache.org-2-3] INFO  o.e.m.c.i.e.AbstractTransferListenerAdapter - Downloaded https://repo.maven.apache.org/maven2/io/cucumber/cucumber-testng/7.13.0/cucumber-testng-7.13.0.jar
2025-03-28 03:26:07,105 [BasicRepositoryConnector-repo.maven.apache.org-2-2] INFO  o.e.m.c.i.e.AbstractTransferListenerAdapter - Downloaded https://repo.maven.apache.org/maven2/com/github/docker-java/docker-java-core/3.2.14/docker-java-core-3.2.14.jar
2025-03-28 03:26:07,155 [BasicRepositoryConnector-repo.maven.apache.org-2-0] INFO  o.e.m.c.i.e.AbstractTransferListenerAdapter - Downloaded https://repo.maven.apache.org/maven2/io/cucumber/html-formatter/20.3.1/html-formatter-20.3.1.jar
2025-03-28 03:26:08,057 [Worker-33: Building] INFO  o.a.m.s.f.DefaultMavenResourcesFiltering - skip non existing resourceDirectory C:\Users\deepa\Desktop\Rajni Verma\comprehensiveProject\com.assignment\src\main\resources
2025-03-28 03:26:08,060 [Worker-33: Building] INFO  o.a.m.s.f.DefaultMavenResourcesFiltering - skip non existing resourceDirectory C:\Users\deepa\Desktop\Rajni Verma\comprehensiveProject\com.assignment\src\test\resources
2025-03-28 03:26:08,753 [Worker-33: Download sources and javadoc] INFO  o.e.m.c.i.e.AbstractTransferListenerAdapter - Downloading https://repo.maven.apache.org/maven2/io/github/bonigarcia/webdrivermanager/5.3.2/webdrivermanager-5.3.2-sources.jar
2025-03-28 03:26:08,796 [Worker-33: Download sources and javadoc] INFO  o.e.m.c.i.e.AbstractTransferListenerAdapter - Downloaded https://repo.maven.apache.org/maven2/io/github/bonigarcia/webdrivermanager/5.3.2/webdrivermanager-5.3.2-sources.jar
2025-03-28 03:26:08,802 [Worker-33: Download sources and javadoc] INFO  o.e.m.j.internal.DownloadSourcesJob - Downloaded sources for io.github.bonigarcia:webdrivermanager:5.3.2
2025-03-28 03:26:08,834 [Worker-33: Download sources and javadoc] INFO  o.e.m.c.i.e.AbstractTransferListenerAdapter - Downloading https://repo.maven.apache.org/maven2/com/google/code/gson/gson/2.10.1/gson-2.10.1-sources.jar
2025-03-28 03:26:08,854 [Worker-33: Download sources and javadoc] INFO  o.e.m.c.i.e.AbstractTransferListenerAdapter - Downloaded https://repo.maven.apache.org/maven2/com/google/code/gson/gson/2.10.1/gson-2.10.1-sources.jar
2025-03-28 03:26:08,860 [Worker-33: Download sources and javadoc] INFO  o.e.m.j.internal.DownloadSourcesJob - Downloaded sources for com.google.code.gson:gson:2.10.1
2025-03-28 03:26:08,892 [Worker-33: Download sources and javadoc] INFO  o.e.m.c.i.e.AbstractTransferListenerAdapter - Downloading https://repo.maven.apache.org/maven2/com/github/docker-java/docker-java/3.2.14/docker-java-3.2.14-sources.jar
2025-03-28 03:26:08,901 [Worker-33: Download sources and javadoc] INFO  o.e.m.c.i.e.AbstractTransferListenerAdapter - Downloaded https://repo.maven.apache.org/maven2/com/github/docker-java/docker-java/3.2.14/docker-java-3.2.14-sources.jar
2025-03-28 03:26:08,910 [Worker-33: Download sources and javadoc] INFO  o.e.m.j.internal.DownloadSourcesJob - Downloaded sources for com.github.docker-java:docker-java:3.2.14
2025-03-28 03:26:08,941 [Worker-33: Download sources and javadoc] INFO  o.e.m.c.i.e.AbstractTransferListenerAdapter - Downloading https://repo.maven.apache.org/maven2/com/github/docker-java/docker-java-core/3.2.14/docker-java-core-3.2.14-sources.jar
2025-03-28 03:26:08,955 [Worker-33: Download sources and javadoc] INFO  o.e.m.c.i.e.AbstractTransferListenerAdapter - Downloaded https://repo.maven.apache.org/maven2/com/github/docker-java/docker-java-core/3.2.14/docker-java-core-3.2.14-sources.jar
2025-03-28 03:26:08,961 [Worker-33: Download sources and javadoc] INFO  o.e.m.j.internal.DownloadSourcesJob - Downloaded sources for com.github.docker-java:docker-java-core:3.2.14
2025-03-28 03:26:08,990 [Worker-33: Download sources and javadoc] INFO  o.e.m.c.i.e.AbstractTransferListenerAdapter - Downloading https://repo.maven.apache.org/maven2/com/github/docker-java/docker-java-api/3.2.14/docker-java-api-3.2.14-sources.jar
2025-03-28 03:26:09,012 [Worker-33: Download sources and javadoc] INFO  o.e.m.c.i.e.AbstractTransferListenerAdapter - Downloaded https://repo.maven.apache.org/maven2/com/github/docker-java/docker-java-api/3.2.14/docker-java-api-3.2.14-sources.jar
2025-03-28 03:26:09,018 [Worker-33: Download sources and javadoc] INFO  o.e.m.j.internal.DownloadSourcesJob - Downloaded sources for com.github.docker-java:docker-java-api:3.2.14
2025-03-28 03:26:09,051 [Worker-33: Download sources and javadoc] INFO  o.e.m.c.i.e.AbstractTransferListenerAdapter - Downloading https://repo.maven.apache.org/maven2/com/github/docker-java/docker-java-transport-httpclient5/3.2.14/docker-java-transport-httpclient5-3.2.14-sources.jar
2025-03-28 03:26:09,055 [Worker-33: Download sources and javadoc] INFO  o.e.m.c.i.e.AbstractTransferListenerAdapter - Downloaded https://repo.maven.apache.org/maven2/com/github/docker-java/docker-java-transport-httpclient5/3.2.14/docker-java-transport-httpclient5-3.2.14-sources.jar
2025-03-28 03:26:09,062 [Worker-33: Download sources and javadoc] INFO  o.e.m.j.internal.DownloadSourcesJob - Downloaded sources for com.github.docker-java:docker-java-transport-httpclient5:3.2.14
2025-03-28 03:26:09,090 [Worker-33: Download sources and javadoc] INFO  o.e.m.c.i.e.AbstractTransferListenerAdapter - Downloading https://repo.maven.apache.org/maven2/com/github/docker-java/docker-java-transport/3.2.14/docker-java-transport-3.2.14-sources.jar
2025-03-28 03:26:09,096 [Worker-33: Download sources and javadoc] INFO  o.e.m.c.i.e.AbstractTransferListenerAdapter - Downloaded https://repo.maven.apache.org/maven2/com/github/docker-java/docker-java-transport/3.2.14/docker-java-transport-3.2.14-sources.jar
2025-03-28 03:26:09,102 [Worker-33: Download sources and javadoc] INFO  o.e.m.j.internal.DownloadSourcesJob - Downloaded sources for com.github.docker-java:docker-java-transport:3.2.14
2025-03-28 03:26:09,133 [Worker-33: Download sources and javadoc] INFO  o.e.m.c.i.e.AbstractTransferListenerAdapter - Downloading https://repo.maven.apache.org/maven2/net/java/dev/jna/jna/5.12.1/jna-5.12.1-sources.jar
2025-03-28 03:26:09,146 [Worker-33: Download sources and javadoc] INFO  o.e.m.c.i.e.AbstractTransferListenerAdapter - Downloaded https://repo.maven.apache.org/maven2/net/java/dev/jna/jna/5.12.1/jna-5.12.1-sources.jar
2025-03-28 03:26:09,150 [Worker-33: Download sources and javadoc] INFO  o.e.m.j.internal.DownloadSourcesJob - Downloaded sources for net.java.dev.jna:jna:5.12.1
2025-03-28 03:26:09,187 [Worker-33: Download sources and javadoc] INFO  o.e.m.c.i.e.AbstractTransferListenerAdapter - Downloading https://repo.maven.apache.org/maven2/org/apache/httpcomponents/client5/httpclient5/5.2.1/httpclient5-5.2.1-sources.jar
2025-03-28 03:26:09,339 [Worker-33: Download sources and javadoc] INFO  o.e.m.c.i.e.AbstractTransferListenerAdapter - Downloaded https://repo.maven.apache.org/maven2/org/apache/httpcomponents/client5/httpclient5/5.2.1/httpclient5-5.2.1-sources.jar
2025-03-28 03:26:09,343 [Worker-33: Download sources and javadoc] INFO  o.e.m.j.internal.DownloadSourcesJob - Downloaded sources for org.apache.httpcomponents.client5:httpclient5:5.2.1
2025-03-28 03:26:09,387 [Worker-33: Download sources and javadoc] INFO  o.e.m.c.i.e.AbstractTransferListenerAdapter - Downloading https://repo.maven.apache.org/maven2/org/apache/httpcomponents/core5/httpcore5/5.2/httpcore5-5.2-sources.jar
2025-03-28 03:26:09,435 [Worker-33: Download sources and javadoc] INFO  o.e.m.c.i.e.AbstractTransferListenerAdapter - Downloaded https://repo.maven.apache.org/maven2/org/apache/httpcomponents/core5/httpcore5/5.2/httpcore5-5.2-sources.jar
2025-03-28 03:26:09,439 [Worker-33: Download sources and javadoc] INFO  o.e.m.j.internal.DownloadSourcesJob - Downloaded sources for org.apache.httpcomponents.core5:httpcore5:5.2
2025-03-28 03:26:09,478 [Worker-33: Download sources and javadoc] INFO  o.e.m.c.i.e.AbstractTransferListenerAdapter - Downloading https://repo.maven.apache.org/maven2/org/apache/httpcomponents/core5/httpcore5-h2/5.2/httpcore5-h2-5.2-sources.jar
2025-03-28 03:26:09,513 [Worker-33: Download sources and javadoc] INFO  o.e.m.c.i.e.AbstractTransferListenerAdapter - Downloaded https://repo.maven.apache.org/maven2/org/apache/httpcomponents/core5/httpcore5-h2/5.2/httpcore5-h2-5.2-sources.jar
2025-03-28 03:26:09,517 [Worker-33: Download sources and javadoc] INFO  o.e.m.j.internal.DownloadSourcesJob - Downloaded sources for org.apache.httpcomponents.core5:httpcore5-h2:5.2
2025-03-28 03:26:09,555 [Worker-33: Download sources and javadoc] INFO  o.e.m.c.i.e.AbstractTransferListenerAdapter - Downloading https://repo.maven.apache.org/maven2/io/cucumber/cucumber-java/7.13.0/cucumber-java-7.13.0-sources.jar
2025-03-28 03:26:09,588 [Worker-33: Download sources and javadoc] INFO  o.e.m.c.i.e.AbstractTransferListenerAdapter - Downloaded https://repo.maven.apache.org/maven2/io/cucumber/cucumber-java/7.13.0/cucumber-java-7.13.0-sources.jar
2025-03-28 03:26:09,591 [Worker-33: Download sources and javadoc] INFO  o.e.m.j.internal.DownloadSourcesJob - Downloaded sources for io.cucumber:cucumber-java:7.13.0
2025-03-28 03:26:09,619 [Worker-33: Download sources and javadoc] INFO  o.e.m.c.i.e.AbstractTransferListenerAdapter - Downloading https://repo.maven.apache.org/maven2/io/cucumber/cucumber-core/7.13.0/cucumber-core-7.13.0-sources.jar
2025-03-28 03:26:09,645 [Worker-33: Download sources and javadoc] INFO  o.e.m.c.i.e.AbstractTransferListenerAdapter - Downloaded https://repo.maven.apache.org/maven2/io/cucumber/cucumber-core/7.13.0/cucumber-core-7.13.0-sources.jar
2025-03-28 03:26:09,650 [Worker-33: Download sources and javadoc] INFO  o.e.m.j.internal.DownloadSourcesJob - Downloaded sources for io.cucumber:cucumber-core:7.13.0
2025-03-28 03:26:09,674 [Worker-33: Download sources and javadoc] INFO  o.e.m.c.i.e.AbstractTransferListenerAdapter - Downloading https://repo.maven.apache.org/maven2/io/cucumber/cucumber-gherkin/7.13.0/cucumber-gherkin-7.13.0-sources.jar
2025-03-28 03:26:09,677 [Worker-33: Download sources and javadoc] INFO  o.e.m.c.i.e.AbstractTransferListenerAdapter - Downloaded https://repo.maven.apache.org/maven2/io/cucumber/cucumber-gherkin/7.13.0/cucumber-gherkin-7.13.0-sources.jar
2025-03-28 03:26:09,681 [Worker-33: Download sources and javadoc] INFO  o.e.m.j.internal.DownloadSourcesJob - Downloaded sources for io.cucumber:cucumber-gherkin:7.13.0
2025-03-28 03:26:09,710 [Worker-33: Download sources and javadoc] INFO  o.e.m.c.i.e.AbstractTransferListenerAdapter - Downloading https://repo.maven.apache.org/maven2/io/cucumber/cucumber-gherkin-messages/7.13.0/cucumber-gherkin-messages-7.13.0-sources.jar
2025-03-28 03:26:09,713 [Worker-33: Download sources and javadoc] INFO  o.e.m.c.i.e.AbstractTransferListenerAdapter - Downloaded https://repo.maven.apache.org/maven2/io/cucumber/cucumber-gherkin-messages/7.13.0/cucumber-gherkin-messages-7.13.0-sources.jar
2025-03-28 03:26:09,717 [Worker-33: Download sources and javadoc] INFO  o.e.m.j.internal.DownloadSourcesJob - Downloaded sources for io.cucumber:cucumber-gherkin-messages:7.13.0
2025-03-28 03:26:09,756 [Worker-33: Download sources and javadoc] INFO  o.e.m.c.i.e.AbstractTransferListenerAdapter - Downloading https://repo.maven.apache.org/maven2/io/cucumber/gherkin/26.2.0/gherkin-26.2.0-sources.jar
2025-03-28 03:26:09,761 [Worker-33: Download sources and javadoc] INFO  o.e.m.c.i.e.AbstractTransferListenerAdapter - Downloaded https://repo.maven.apache.org/maven2/io/cucumber/gherkin/26.2.0/gherkin-26.2.0-sources.jar
2025-03-28 03:26:09,765 [Worker-33: Download sources and javadoc] INFO  o.e.m.j.internal.DownloadSourcesJob - Downloaded sources for io.cucumber:gherkin:26.2.0
2025-03-28 03:26:09,817 [Worker-33: Download sources and javadoc] INFO  o.e.m.c.i.e.AbstractTransferListenerAdapter - Downloading https://repo.maven.apache.org/maven2/io/cucumber/messages/22.0.0/messages-22.0.0-sources.jar
2025-03-28 03:26:09,835 [Worker-33: Download sources and javadoc] INFO  o.e.m.c.i.e.AbstractTransferListenerAdapter - Downloaded https://repo.maven.apache.org/maven2/io/cucumber/messages/22.0.0/messages-22.0.0-sources.jar
2025-03-28 03:26:09,839 [Worker-33: Download sources and javadoc] INFO  o.e.m.j.internal.DownloadSourcesJob - Downloaded sources for io.cucumber:messages:22.0.0
2025-03-28 03:26:09,888 [Worker-33: Download sources and javadoc] INFO  o.e.m.c.i.e.AbstractTransferListenerAdapter - Downloading https://repo.maven.apache.org/maven2/io/cucumber/tag-expressions/5.0.1/tag-expressions-5.0.1-sources.jar
2025-03-28 03:26:09,893 [Worker-33: Download sources and javadoc] INFO  o.e.m.c.i.e.AbstractTransferListenerAdapter - Downloaded https://repo.maven.apache.org/maven2/io/cucumber/tag-expressions/5.0.1/tag-expressions-5.0.1-sources.jar
2025-03-28 03:26:09,897 [Worker-33: Download sources and javadoc] INFO  o.e.m.j.internal.DownloadSourcesJob - Downloaded sources for io.cucumber:tag-expressions:5.0.1
2025-03-28 03:26:09,939 [Worker-33: Download sources and javadoc] INFO  o.e.m.c.i.e.AbstractTransferListenerAdapter - Downloading https://repo.maven.apache.org/maven2/io/cucumber/cucumber-expressions/16.1.2/cucumber-expressions-16.1.2-sources.jar
2025-03-28 03:26:09,945 [Worker-33: Download sources and javadoc] INFO  o.e.m.c.i.e.AbstractTransferListenerAdapter - Downloaded https://repo.maven.apache.org/maven2/io/cucumber/cucumber-expressions/16.1.2/cucumber-expressions-16.1.2-sources.jar
2025-03-28 03:26:09,949 [Worker-33: Download sources and javadoc] INFO  o.e.m.j.internal.DownloadSourcesJob - Downloaded sources for io.cucumber:cucumber-expressions:16.1.2
2025-03-28 03:26:09,989 [Worker-33: Download sources and javadoc] INFO  o.e.m.c.i.e.AbstractTransferListenerAdapter - Downloading https://repo.maven.apache.org/maven2/io/cucumber/datatable/7.13.0/datatable-7.13.0-sources.jar
2025-03-28 03:26:10,001 [Worker-33: Download sources and javadoc] INFO  o.e.m.c.i.e.AbstractTransferListenerAdapter - Downloaded https://repo.maven.apache.org/maven2/io/cucumber/datatable/7.13.0/datatable-7.13.0-sources.jar
2025-03-28 03:26:10,005 [Worker-33: Download sources and javadoc] INFO  o.e.m.j.internal.DownloadSourcesJob - Downloaded sources for io.cucumber:datatable:7.13.0
2025-03-28 03:26:10,040 [Worker-33: Download sources and javadoc] INFO  o.e.m.c.i.e.AbstractTransferListenerAdapter - Downloading https://repo.maven.apache.org/maven2/io/cucumber/cucumber-plugin/7.13.0/cucumber-plugin-7.13.0-sources.jar
2025-03-28 03:26:10,044 [Worker-33: Download sources and javadoc] INFO  o.e.m.c.i.e.AbstractTransferListenerAdapter - Downloaded https://repo.maven.apache.org/maven2/io/cucumber/cucumber-plugin/7.13.0/cucumber-plugin-7.13.0-sources.jar
2025-03-28 03:26:10,048 [Worker-33: Download sources and javadoc] INFO  o.e.m.j.internal.DownloadSourcesJob - Downloaded sources for io.cucumber:cucumber-plugin:7.13.0
2025-03-28 03:26:10,091 [Worker-33: Download sources and javadoc] INFO  o.e.m.c.i.e.AbstractTransferListenerAdapter - Downloading https://repo.maven.apache.org/maven2/io/cucumber/docstring/7.13.0/docstring-7.13.0-sources.jar
2025-03-28 03:26:10,094 [Worker-33: Download sources and javadoc] INFO  o.e.m.c.i.e.AbstractTransferListenerAdapter - Downloaded https://repo.maven.apache.org/maven2/io/cucumber/docstring/7.13.0/docstring-7.13.0-sources.jar
2025-03-28 03:26:10,098 [Worker-33: Download sources and javadoc] INFO  o.e.m.j.internal.DownloadSourcesJob - Downloaded sources for io.cucumber:docstring:7.13.0
2025-03-28 03:26:10,155 [Worker-33: Download sources and javadoc] INFO  o.e.m.c.i.e.AbstractTransferListenerAdapter - Downloading https://repo.maven.apache.org/maven2/io/cucumber/html-formatter/20.3.1/html-formatter-20.3.1-sources.jar
2025-03-28 03:26:10,220 [Worker-33: Download sources and javadoc] INFO  o.e.m.c.i.e.AbstractTransferListenerAdapter - Downloaded https://repo.maven.apache.org/maven2/io/cucumber/html-formatter/20.3.1/html-formatter-20.3.1-sources.jar
2025-03-28 03:26:10,224 [Worker-33: Download sources and javadoc] INFO  o.e.m.j.internal.DownloadSourcesJob - Downloaded sources for io.cucumber:html-formatter:20.3.1
2025-03-28 03:26:10,275 [Worker-33: Download sources and javadoc] INFO  o.e.m.c.i.e.AbstractTransferListenerAdapter - Downloading https://repo.maven.apache.org/maven2/io/cucumber/junit-xml-formatter/0.2.0/junit-xml-formatter-0.2.0-sources.jar
2025-03-28 03:26:10,279 [Worker-33: Download sources and javadoc] INFO  o.e.m.c.i.e.AbstractTransferListenerAdapter - Downloaded https://repo.maven.apache.org/maven2/io/cucumber/junit-xml-formatter/0.2.0/junit-xml-formatter-0.2.0-sources.jar
2025-03-28 03:26:10,283 [Worker-33: Download sources and javadoc] INFO  o.e.m.j.internal.DownloadSourcesJob - Downloaded sources for io.cucumber:junit-xml-formatter:0.2.0
2025-03-28 03:26:10,361 [Worker-33: Download sources and javadoc] INFO  o.e.m.c.i.e.AbstractTransferListenerAdapter - Downloading https://repo.maven.apache.org/maven2/io/cucumber/ci-environment/9.2.0/ci-environment-9.2.0-sources.jar
2025-03-28 03:26:10,366 [Worker-33: Download sources and javadoc] INFO  o.e.m.c.i.e.AbstractTransferListenerAdapter - Downloaded https://repo.maven.apache.org/maven2/io/cucumber/ci-environment/9.2.0/ci-environment-9.2.0-sources.jar
2025-03-28 03:26:10,370 [Worker-33: Download sources and javadoc] INFO  o.e.m.j.internal.DownloadSourcesJob - Downloaded sources for io.cucumber:ci-environment:9.2.0
2025-03-28 03:26:10,422 [Worker-33: Download sources and javadoc] INFO  o.e.m.c.i.e.AbstractTransferListenerAdapter - Downloading https://repo.maven.apache.org/maven2/io/cucumber/cucumber-testng/7.13.0/cucumber-testng-7.13.0-sources.jar
2025-03-28 03:26:10,426 [Worker-33: Download sources and javadoc] INFO  o.e.m.c.i.e.AbstractTransferListenerAdapter - Downloaded https://repo.maven.apache.org/maven2/io/cucumber/cucumber-testng/7.13.0/cucumber-testng-7.13.0-sources.jar
2025-03-28 03:26:10,431 [Worker-33: Download sources and javadoc] INFO  o.e.m.j.internal.DownloadSourcesJob - Downloaded sources for io.cucumber:cucumber-testng:7.13.0
2025-03-28 03:26:19,382 [Worker-58: Building] INFO  o.e.m.c.i.l.LifecycleMappingFactory - Using org.eclipse.m2e.jdt.JarLifecycleMapping lifecycle mapping for MavenProject: com.comprehensive:com.assignment:0.0.1-SNAPSHOT @ C:\Users\deepa\Desktop\Rajni Verma\comprehensiveProject\com.assignment\pom.xml.
2025-03-28 03:26:20,157 [Worker-58: Building] INFO  o.a.m.s.f.DefaultMavenResourcesFiltering - skip non existing resourceDirectory C:\Users\deepa\Desktop\Rajni Verma\comprehensiveProject\com.assignment\src\main\resources
2025-03-28 03:26:20,160 [Worker-58: Building] INFO  o.a.m.s.f.DefaultMavenResourcesFiltering - skip non existing resourceDirectory C:\Users\deepa\Desktop\Rajni Verma\comprehensiveProject\com.assignment\src\test\resources
2025-03-28 03:26:41,888 [Worker-61: Building] INFO  o.e.m.c.i.l.LifecycleMappingFactory - Using org.eclipse.m2e.jdt.JarLifecycleMapping lifecycle mapping for MavenProject: com.comprehensive:com.assignment:0.0.1-SNAPSHOT @ C:\Users\deepa\Desktop\Rajni Verma\comprehensiveProject\com.assignment\pom.xml.
2025-03-28 03:26:42,606 [Worker-61: Building] INFO  o.a.m.s.f.DefaultMavenResourcesFiltering - skip non existing resourceDirectory C:\Users\deepa\Desktop\Rajni Verma\comprehensiveProject\com.assignment\src\main\resources
2025-03-28 03:26:42,611 [Worker-61: Building] INFO  o.a.m.s.f.DefaultMavenResourcesFiltering - skip non existing resourceDirectory C:\Users\deepa\Desktop\Rajni Verma\comprehensiveProject\com.assignment\src\test\resources
2025-03-28 03:27:49,612 [Worker-58: Building] INFO  o.a.m.s.f.DefaultMavenResourcesFiltering - skip non existing resourceDirectory C:\Users\deepa\Desktop\Rajni Verma\comprehensiveProject\com.assignment\src\main\resources
2025-03-28 03:27:49,614 [Worker-58: Building] INFO  o.a.m.s.f.DefaultMavenResourcesFiltering - skip non existing resourceDirectory C:\Users\deepa\Desktop\Rajni Verma\comprehensiveProject\com.assignment\src\test\resources
2025-03-28 03:28:09,961 [Worker-59: Building] INFO  o.a.m.s.f.DefaultMavenResourcesFiltering - skip non existing resourceDirectory C:\Users\deepa\Desktop\Rajni Verma\comprehensiveProject\com.assignment\src\main\resources
2025-03-28 03:28:09,963 [Worker-59: Building] INFO  o.a.m.s.f.DefaultMavenResourcesFiltering - skip non existing resourceDirectory C:\Users\deepa\Desktop\Rajni Verma\comprehensiveProject\com.assignment\src\test\resources
2025-03-28 03:28:23,145 [Worker-59: Building] INFO  o.a.m.s.f.DefaultMavenResourcesFiltering - skip non existing resourceDirectory C:\Users\deepa\Desktop\Rajni Verma\comprehensiveProject\com.assignment\src\main\resources
2025-03-28 03:28:23,147 [Worker-59: Building] INFO  o.a.m.s.f.DefaultMavenResourcesFiltering - skip non existing resourceDirectory C:\Users\deepa\Desktop\Rajni Verma\comprehensiveProject\com.assignment\src\test\resources
2025-03-28 03:29:02,984 [Worker-52: Building] INFO  o.a.m.s.f.DefaultMavenResourcesFiltering - skip non existing resourceDirectory C:\Users\deepa\Desktop\Rajni Verma\comprehensiveProject\com.assignment\src\main\resources
2025-03-28 03:29:02,989 [Worker-52: Building] INFO  o.a.m.s.f.DefaultMavenResourcesFiltering - skip non existing resourceDirectory C:\Users\deepa\Desktop\Rajni Verma\comprehensiveProject\com.assignment\src\test\resources
2025-03-28 03:29:16,135 [Worker-58: Building] INFO  o.a.m.s.f.DefaultMavenResourcesFiltering - skip non existing resourceDirectory C:\Users\deepa\Desktop\Rajni Verma\comprehensiveProject\com.assignment\src\main\resources
2025-03-28 03:29:16,137 [Worker-58: Building] INFO  o.a.m.s.f.DefaultMavenResourcesFiltering - skip non existing resourceDirectory C:\Users\deepa\Desktop\Rajni Verma\comprehensiveProject\com.assignment\src\test\resources
2025-03-28 03:29:25,927 [Worker-33: Building] INFO  o.a.m.s.f.DefaultMavenResourcesFiltering - skip non existing resourceDirectory C:\Users\deepa\Desktop\Rajni Verma\comprehensiveProject\com.assignment\src\main\resources
2025-03-28 03:29:25,931 [Worker-33: Building] INFO  o.a.m.s.f.DefaultMavenResourcesFiltering - skip non existing resourceDirectory C:\Users\deepa\Desktop\Rajni Verma\comprehensiveProject\com.assignment\src\test\resources
2025-03-28 03:30:30,163 [Worker-52: Building] INFO  o.a.m.s.f.DefaultMavenResourcesFiltering - skip non existing resourceDirectory C:\Users\deepa\Desktop\Rajni Verma\comprehensiveProject\com.assignment\src\main\resources
2025-03-28 03:30:30,166 [Worker-52: Building] INFO  o.a.m.s.f.DefaultMavenResourcesFiltering - skip non existing resourceDirectory C:\Users\deepa\Desktop\Rajni Verma\comprehensiveProject\com.assignment\src\test\resources
2025-03-28 03:30:40,731 [Worker-33: Building] INFO  o.a.m.s.f.DefaultMavenResourcesFiltering - skip non existing resourceDirectory C:\Users\deepa\Desktop\Rajni Verma\comprehensiveProject\com.assignment\src\main\resources
2025-03-28 03:30:40,734 [Worker-33: Building] INFO  o.a.m.s.f.DefaultMavenResourcesFiltering - skip non existing resourceDirectory C:\Users\deepa\Desktop\Rajni Verma\comprehensiveProject\com.assignment\src\test\resources
2025-03-28 03:31:09,061 [Worker-33: Building] INFO  o.a.m.s.f.DefaultMavenResourcesFiltering - skip non existing resourceDirectory C:\Users\deepa\Desktop\Rajni Verma\comprehensiveProject\com.assignment\src\main\resources
2025-03-28 03:31:09,062 [Worker-33: Building] INFO  o.a.m.s.f.DefaultMavenResourcesFiltering - skip non existing resourceDirectory C:\Users\deepa\Desktop\Rajni Verma\comprehensiveProject\com.assignment\src\test\resources
2025-03-28 03:31:16,228 [Worker-58: Building] INFO  o.a.m.s.f.DefaultMavenResourcesFiltering - skip non existing resourceDirectory C:\Users\deepa\Desktop\Rajni Verma\comprehensiveProject\com.assignment\src\main\resources
2025-03-28 03:31:16,229 [Worker-58: Building] INFO  o.a.m.s.f.DefaultMavenResourcesFiltering - skip non existing resourceDirectory C:\Users\deepa\Desktop\Rajni Verma\comprehensiveProject\com.assignment\src\test\resources
2025-03-28 03:32:41,210 [Worker-60: Building] INFO  o.a.m.s.f.DefaultMavenResourcesFiltering - skip non existing resourceDirectory C:\Users\deepa\Desktop\Rajni Verma\comprehensiveProject\com.assignment\src\main\resources
2025-03-28 03:32:41,212 [Worker-60: Building] INFO  o.a.m.s.f.DefaultMavenResourcesFiltering - skip non existing resourceDirectory C:\Users\deepa\Desktop\Rajni Verma\comprehensiveProject\com.assignment\src\test\resources
2025-03-28 03:33:14,242 [Worker-61: Building Workspace] INFO  o.a.m.s.f.DefaultMavenResourcesFiltering - skip non existing resourceDirectory C:\Users\deepa\Desktop\Rajni Verma\comprehensiveProject\com.assignment\src\main\resources
2025-03-28 03:33:14,247 [Worker-61: Building Workspace] INFO  o.a.m.s.f.DefaultMavenResourcesFiltering - skip non existing resourceDirectory C:\Users\deepa\Desktop\Rajni Verma\comprehensiveProject\com.assignment\src\test\resources
2025-03-28 03:33:18,327 [Worker-60: Building] INFO  o.a.m.s.f.DefaultMavenResourcesFiltering - skip non existing resourceDirectory C:\Users\deepa\Desktop\Rajni Verma\comprehensiveProject\com.assignment\src\main\resources
2025-03-28 03:33:18,330 [Worker-60: Building] INFO  o.a.m.s.f.DefaultMavenResourcesFiltering - skip non existing resourceDirectory C:\Users\deepa\Desktop\Rajni Verma\comprehensiveProject\com.assignment\src\test\resources
2025-03-28 03:33:46,164 [Worker-61: Building] INFO  o.a.m.s.f.DefaultMavenResourcesFiltering - skip non existing resourceDirectory C:\Users\deepa\Desktop\Rajni Verma\comprehensiveProject\com.assignment\src\main\resources
2025-03-28 03:33:46,165 [Worker-61: Building] INFO  o.a.m.s.f.DefaultMavenResourcesFiltering - skip non existing resourceDirectory C:\Users\deepa\Desktop\Rajni Verma\comprehensiveProject\com.assignment\src\test\resources
2025-03-28 03:34:04,213 [Worker-58: Building] INFO  o.a.m.s.f.DefaultMavenResourcesFiltering - skip non existing resourceDirectory C:\Users\deepa\Desktop\Rajni Verma\comprehensiveProject\com.assignment\src\main\resources
2025-03-28 03:34:04,216 [Worker-58: Building] INFO  o.a.m.s.f.DefaultMavenResourcesFiltering - skip non existing resourceDirectory C:\Users\deepa\Desktop\Rajni Verma\comprehensiveProject\com.assignment\src\test\resources
2025-03-28 03:35:13,902 [Worker-63: Building] INFO  o.a.m.s.f.DefaultMavenResourcesFiltering - skip non existing resourceDirectory C:\Users\deepa\Desktop\Rajni Verma\comprehensiveProject\com.assignment\src\main\resources
2025-03-28 03:35:13,906 [Worker-63: Building] INFO  o.a.m.s.f.DefaultMavenResourcesFiltering - skip non existing resourceDirectory C:\Users\deepa\Desktop\Rajni Verma\comprehensiveProject\com.assignment\src\test\resources
2025-03-28 03:36:01,526 [Worker-59: Building] INFO  o.a.m.s.f.DefaultMavenResourcesFiltering - skip non existing resourceDirectory C:\Users\deepa\Desktop\Rajni Verma\comprehensiveProject\com.assignment\src\main\resources
2025-03-28 03:36:01,528 [Worker-59: Building] INFO  o.a.m.s.f.DefaultMavenResourcesFiltering - skip non existing resourceDirectory C:\Users\deepa\Desktop\Rajni Verma\comprehensiveProject\com.assignment\src\test\resources
2025-03-28 03:37:26,991 [Worker-63: Building] INFO  o.a.m.s.f.DefaultMavenResourcesFiltering - skip non existing resourceDirectory C:\Users\deepa\Desktop\Rajni Verma\comprehensiveProject\com.assignment\src\main\resources
2025-03-28 03:37:26,993 [Worker-63: Building] INFO  o.a.m.s.f.DefaultMavenResourcesFiltering - skip non existing resourceDirectory C:\Users\deepa\Desktop\Rajni Verma\comprehensiveProject\com.assignment\src\test\resources
2025-03-28 03:37:48,464 [Worker-33: Building] INFO  o.a.m.s.f.DefaultMavenResourcesFiltering - skip non existing resourceDirectory C:\Users\deepa\Desktop\Rajni Verma\comprehensiveProject\com.assignment\src\main\resources
2025-03-28 03:37:48,466 [Worker-33: Building] INFO  o.a.m.s.f.DefaultMavenResourcesFiltering - skip non existing resourceDirectory C:\Users\deepa\Desktop\Rajni Verma\comprehensiveProject\com.assignment\src\test\resources
